patient_id,official,split,cache_id,collection,loco_DUKE,loco_ISPY1,loco_ISPY2,loco_NACT
DUKE_019,test,test,duke_019,DUKE,test,train,train,train
DUKE_021,test,test,duke_021,DUKE,test,train,train,train
DUKE_028,test,test,duke_028,DUKE,test,val,train,train
DUKE_044,test,test,duke_044,DUKE,test,train,train,train
DUKE_046,test,test,duke_046,DUKE,test,train,train,train
DUKE_055,test,test,duke_055,DUKE,test,train,train,train
DUKE_057,test,test,duke_057,DUKE,test,train,train,train
DUKE_060,test,test,duke_060,DUKE,test,train,train,train
DUKE_069,test,test,duke_069,DUKE,test,train,train,val
DUKE_086,test,test,duke_086,DUKE,test,val,train,train
DUKE_099,test,test,duke_099,DUKE,test,train,val,train
DUKE_101,test,test,duke_101,DUKE,test,train,train,train
DUKE_116,test,test,duke_116,DUKE,test,train,train,train
DUKE_120,test,test,duke_120,DUKE,test,train,train,train
DUKE_134,test,test,duke_134,DUKE,test,train,val,train
DUKE_136,test,test,duke_136,DUKE,test,train,train,train
DUKE_157,test,test,duke_157,DUKE,test,train,train,train
DUKE_163,test,test,duke_163,DUKE,test,train,train,train
DUKE_167,test,test,duke_167,DUKE,test,train,train,train
DUKE_189,test,test,duke_189,DUKE,test,train,train,train
DUKE_205,test,test,duke_205,DUKE,test,train,train,train
DUKE_234,test,test,duke_234,DUKE,test,train,train,train
DUKE_237,test,test,duke_237,DUKE,test,train,train,train
DUKE_244,test,test,duke_244,DUKE,test,train,val,train
DUKE_253,test,test,duke_253,DUKE,test,train,train,val
DUKE_271,test,test,duke_271,DUKE,test,train,train,train
DUKE_283,test,test,duke_283,DUKE,test,train,train,train
DUKE_285,test,test,duke_285,DUKE,test,train,train,train
DUKE_287,test,test,duke_287,DUKE,test,train,train,train
DUKE_303,test,test,duke_303,DUKE,test,train,train,train
DUKE_307,test,test,duke_307,DUKE,test,train,val,train
DUKE_317,test,test,duke_317,DUKE,test,train,train,train
DUKE_323,test,test,duke_323,DUKE,test,train,train,train
DUKE_346,test,test,duke_346,DUKE,test,train,train,train
DUKE_353,test,test,duke_353,DUKE,test,train,train,train
DUKE_377,test,test,duke_377,DUKE,test,train,train,train
DUKE_383,test,test,duke_383,DUKE,test,train,train,train
DUKE_385,test,test,duke_385,DUKE,test,train,train,train
DUKE_397,test,test,duke_397,DUKE,test,train,val,train
DUKE_398,test,test,duke_398,DUKE,test,val,train,train
DUKE_408,test,test,duke_408,DUKE,test,train,val,train
DUKE_414,test,test,duke_414,DUKE,test,train,train,train
DUKE_420,test,test,duke_420,DUKE,test,train,train,train
DUKE_424,test,test,duke_424,DUKE,test,train,train,train
DUKE_428,test,test,duke_428,DUKE,test,train,train,train
DUKE_431,test,test,duke_431,DUKE,test,train,train,train
DUKE_438,test,test,duke_438,DUKE,test,train,train,val
DUKE_457,test,test,duke_457,DUKE,test,train,train,train
DUKE_470,test,test,duke_470,DUKE,test,train,train,train
DUKE_480,test,test,duke_480,DUKE,test,val,train,train
DUKE_482,test,test,duke_482,DUKE,test,val,train,train
DUKE_508,test,test,duke_508,DUKE,test,train,train,train
DUKE_514,test,test,duke_514,DUKE,test,train,train,train
DUKE_525,test,test,duke_525,DUKE,test,train,train,train
DUKE_539,test,test,duke_539,DUKE,test,train,train,train
DUKE_541,test,test,duke_541,DUKE,test,train,train,train
DUKE_559,test,test,duke_559,DUKE,test,train,train,train
DUKE_560,test,test,duke_560,DUKE,test,train,train,train
DUKE_562,test,test,duke_562,DUKE,test,train,train,val
DUKE_567,test,test,duke_567,DUKE,test,train,train,train
DUKE_568,test,test,duke_568,DUKE,test,train,train,train
DUKE_573,test,test,duke_573,DUKE,test,val,train,train
DUKE_585,test,test,duke_585,DUKE,test,train,val,val
DUKE_592,test,test,duke_592,DUKE,test,train,train,train
DUKE_605,test,test,duke_605,DUKE,test,val,train,train
DUKE_609,test,test,duke_609,DUKE,test,train,train,train
DUKE_614,test,test,duke_614,DUKE,test,val,train,train
DUKE_615,test,test,duke_615,DUKE,test,train,train,train
DUKE_640,test,test,duke_640,DUKE,test,train,train,train
DUKE_642,test,test,duke_642,DUKE,test,val,train,train
DUKE_651,test,test,duke_651,DUKE,test,train,train,train
DUKE_663,test,test,duke_663,DUKE,test,train,train,train
DUKE_670,test,test,duke_670,DUKE,test,train,train,train
DUKE_687,test,test,duke_687,DUKE,test,train,train,train
DUKE_691,test,test,duke_691,DUKE,test,train,train,train
DUKE_718,test,test,duke_718,DUKE,test,train,train,val
DUKE_754,test,test,duke_754,DUKE,test,val,train,val
DUKE_757,test,test,duke_757,DUKE,test,train,train,train
DUKE_775,test,test,duke_775,DUKE,test,train,train,train
DUKE_780,test,test,duke_780,DUKE,test,train,train,train
DUKE_789,test,test,duke_789,DUKE,test,train,train,train
DUKE_799,test,test,duke_799,DUKE,test,train,train,val
DUKE_817,test,test,duke_817,DUKE,test,train,train,train
DUKE_832,test,test,duke_832,DUKE,test,train,val,train
DUKE_836,test,test,duke_836,DUKE,test,train,train,train
DUKE_839,test,test,duke_839,DUKE,test,train,train,train
DUKE_847,test,test,duke_847,DUKE,test,train,train,train
DUKE_869,test,test,duke_869,DUKE,test,train,train,train
DUKE_882,test,test,duke_882,DUKE,test,train,train,train
DUKE_883,test,test,duke_883,DUKE,test,train,train,train
DUKE_915,test,test,duke_915,DUKE,test,train,train,train
ISPY1_1005,test,test,ispy1_1005,ISPY1,train,test,train,train
ISPY1_1007,test,test,ispy1_1007,ISPY1,train,test,train,train
ISPY1_1017,test,test,ispy1_1017,ISPY1,train,test,train,train
ISPY1_1027,test,test,ispy1_1027,ISPY1,train,test,train,train
ISPY1_1036,test,test,ispy1_1036,ISPY1,train,test,val,train
ISPY1_1040,test,test,ispy1_1040,ISPY1,train,test,train,train
ISPY1_1042,test,test,ispy1_1042,ISPY1,train,test,train,train
ISPY1_1051,test,test,ispy1_1051,ISPY1,train,test,train,train
ISPY1_1053,test,test,ispy1_1053,ISPY1,train,test,train,train
ISPY1_1072,test,test,ispy1_1072,ISPY1,train,test,train,train
ISPY1_1074,test,test,ispy1_1074,ISPY1,train,test,train,val
ISPY1_1082,test,test,ispy1_1082,ISPY1,train,test,train,train
ISPY1_1084,test,test,ispy1_1084,ISPY1,train,test,train,train
ISPY1_1087,test,test,ispy1_1087,ISPY1,train,test,train,train
ISPY1_1089,test,test,ispy1_1089,ISPY1,train,test,train,train
ISPY1_1090,test,test,ispy1_1090,ISPY1,train,test,train,train
ISPY1_1094,test,test,ispy1_1094,ISPY1,train,test,train,val
ISPY1_1097,test,test,ispy1_1097,ISPY1,val,test,train,train
ISPY1_1101,test,test,ispy1_1101,ISPY1,train,test,train,val
ISPY1_1103,test,test,ispy1_1103,ISPY1,train,test,train,train
ISPY1_1114,test,test,ispy1_1114,ISPY1,val,test,train,train
ISPY1_1139,test,test,ispy1_1139,ISPY1,train,test,train,train
ISPY1_1140,test,test,ispy1_1140,ISPY1,train,test,train,train
ISPY1_1141,test,test,ispy1_1141,ISPY1,train,test,train,train
ISPY1_1145,test,test,ispy1_1145,ISPY1,train,test,train,train
ISPY1_1148,test,test,ispy1_1148,ISPY1,train,test,train,val
ISPY1_1149,test,test,ispy1_1149,ISPY1,val,test,val,train
ISPY1_1150,test,test,ispy1_1150,ISPY1,train,test,val,train
ISPY1_1151,test,test,ispy1_1151,ISPY1,train,test,train,train
ISPY1_1156,test,test,ispy1_1156,ISPY1,train,test,train,train
ISPY1_1159,test,test,ispy1_1159,ISPY1,train,test,train,train
ISPY1_1160,test,test,ispy1_1160,ISPY1,train,test,train,train
ISPY1_1161,test,test,ispy1_1161,ISPY1,train,test,train,train
ISPY1_1164,test,test,ispy1_1164,ISPY1,train,test,train,train
ISPY1_1167,test,test,ispy1_1167,ISPY1,train,test,train,train
ISPY1_1169,test,test,ispy1_1169,ISPY1,val,test,train,val
ISPY1_1173,test,test,ispy1_1173,ISPY1,val,test,train,train
ISPY1_1175,test,test,ispy1_1175,ISPY1,train,test,train,train
ISPY1_1176,test,test,ispy1_1176,ISPY1,train,test,train,train
ISPY1_1179,test,test,ispy1_1179,ISPY1,val,test,train,train
ISPY1_1180,test,test,ispy1_1180,ISPY1,train,test,val,train
ISPY1_1181,test,test,ispy1_1181,ISPY1,train,test,train,train
ISPY1_1183,test,test,ispy1_1183,ISPY1,train,test,val,train
ISPY1_1187,test,test,ispy1_1187,ISPY1,train,test,train,train
ISPY1_1191,test,test,ispy1_1191,ISPY1,train,test,train,train
ISPY1_1193,test,test,ispy1_1193,ISPY1,train,test,train,train
ISPY1_1194,test,test,ispy1_1194,ISPY1,train,test,train,train
ISPY1_1199,test,test,ispy1_1199,ISPY1,train,test,train,train
ISPY1_1201,test,test,ispy1_1201,ISPY1,val,test,train,train
ISPY1_1202,test,test,ispy1_1202,ISPY1,train,test,train,train
ISPY1_1203,test,test,ispy1_1203,ISPY1,val,test,train,train
ISPY1_1208,test,test,ispy1_1208,ISPY1,train,test,train,train
ISPY1_1210,test,test,ispy1_1210,ISPY1,val,test,train,train
ISPY1_1215,test,test,ispy1_1215,ISPY1,train,test,train,train
ISPY1_1218,test,test,ispy1_1218,ISPY1,train,test,train,train
ISPY1_1219,test,test,ispy1_1219,ISPY1,train,test,train,train
ISPY1_1221,test,test,ispy1_1221,ISPY1,train,test,train,train
ISPY1_1222,test,test,ispy1_1222,ISPY1,train,test,train,train
ISPY1_1224,test,test,ispy1_1224,ISPY1,train,test,train,train
ISPY1_1225,test,test,ispy1_1225,ISPY1,train,test,train,train
ISPY1_1227,test,test,ispy1_1227,ISPY1,train,test,train,train
ISPY1_1230,test,test,ispy1_1230,ISPY1,train,test,train,train
ISPY1_1231,test,test,ispy1_1231,ISPY1,train,test,train,train
ISPY1_1233,test,test,ispy1_1233,ISPY1,train,test,val,train
ISPY1_1235,test,test,ispy1_1235,ISPY1,train,test,train,val
ISPY1_1236,test,test,ispy1_1236,ISPY1,val,test,train,val
ISPY1_1238,test,test,ispy1_1238,ISPY1,train,test,train,train
ISPY2_105513,test,test,ispy2_105513,ISPY2,train,train,test,train
ISPY2_108939,test,test,ispy2_108939,ISPY2,train,train,test,train
ISPY2_108969,test,test,ispy2_108969,ISPY2,train,train,test,train
ISPY2_109874,test,test,ispy2_109874,ISPY2,train,train,test,train
ISPY2_109980,test,test,ispy2_109980,ISPY2,train,train,test,train
ISPY2_111004,test,test,ispy2_111004,ISPY2,train,train,test,train
ISPY2_111674,test,test,ispy2_111674,ISPY2,train,train,test,train
ISPY2_112606,test,test,ispy2_112606,ISPY2,train,train,test,train
ISPY2_115638,test,test,ispy2_115638,ISPY2,train,train,test,val
ISPY2_117424,test,test,ispy2_117424,ISPY2,train,val,test,train
ISPY2_120422,test,test,ispy2_120422,ISPY2,train,train,test,train
ISPY2_123660,test,test,ispy2_123660,ISPY2,train,train,test,train
ISPY2_129973,test,test,ispy2_129973,ISPY2,train,train,test,train
ISPY2_132463,test,test,ispy2_132463,ISPY2,train,train,test,train
ISPY2_139771,test,test,ispy2_139771,ISPY2,train,train,test,train
ISPY2_141782,test,test,ispy2_141782,ISPY2,train,train,test,train
ISPY2_144302,test,test,ispy2_144302,ISPY2,train,val,test,train
ISPY2_145777,test,test,ispy2_145777,ISPY2,val,train,test,train
ISPY2_151230,test,test,ispy2_151230,ISPY2,train,val,test,train
ISPY2_151980,test,test,ispy2_151980,ISPY2,train,train,test,train
ISPY2_152197,test,test,ispy2_152197,ISPY2,train,train,test,val
ISPY2_157270,test,test,ispy2_157270,ISPY2,train,train,test,val
ISPY2_159352,test,test,ispy2_159352,ISPY2,train,train,test,train
ISPY2_166782,test,test,ispy2_166782,ISPY2,val,train,test,train
ISPY2_169536,test,test,ispy2_169536,ISPY2,train,val,test,train
ISPY2_172168,test,test,ispy2_172168,ISPY2,train,train,test,val
ISPY2_180027,test,test,ispy2_180027,ISPY2,train,train,test,val
ISPY2_182346,test,test,ispy2_182346,ISPY2,train,train,test,train
ISPY2_188091,test,test,ispy2_188091,ISPY2,train,train,test,train
ISPY2_197942,test,test,ispy2_197942,ISPY2,train,val,test,train
ISPY2_201831,test,test,ispy2_201831,ISPY2,train,train,test,train
ISPY2_202535,test,test,ispy2_202535,ISPY2,train,train,test,train
ISPY2_208265,test,test,ispy2_208265,ISPY2,train,train,test,train
ISPY2_212307,test,test,ispy2_212307,ISPY2,train,train,test,train
ISPY2_213328,test,test,ispy2_213328,ISPY2,train,train,test,train
ISPY2_220664,test,test,ispy2_220664,ISPY2,train,train,test,train
ISPY2_222135,test,test,ispy2_222135,ISPY2,val,val,test,train
ISPY2_229824,test,test,ispy2_229824,ISPY2,val,train,test,train
ISPY2_236470,test,test,ispy2_236470,ISPY2,train,train,test,train
ISPY2_237158,test,test,ispy2_237158,ISPY2,train,train,test,train
ISPY2_241705,test,test,ispy2_241705,ISPY2,val,train,test,train
ISPY2_253531,test,test,ispy2_253531,ISPY2,train,train,test,train
ISPY2_255388,test,test,ispy2_255388,ISPY2,train,val,test,train
ISPY2_259899,test,test,ispy2_259899,ISPY2,train,train,test,train
ISPY2_262131,test,test,ispy2_262131,ISPY2,train,train,test,train
ISPY2_264305,test,test,ispy2_264305,ISPY2,val,train,test,train
ISPY2_266509,test,test,ispy2_266509,ISPY2,train,train,test,train
ISPY2_275034,test,test,ispy2_275034,ISPY2,train,train,test,train
ISPY2_282644,test,test,ispy2_282644,ISPY2,train,train,test,train
ISPY2_283070,test,test,ispy2_283070,ISPY2,train,val,test,train
ISPY2_301289,test,test,ispy2_301289,ISPY2,train,train,test,train
ISPY2_301968,test,test,ispy2_301968,ISPY2,train,train,test,train
ISPY2_307659,test,test,ispy2_307659,ISPY2,train,train,test,train
ISPY2_313672,test,test,ispy2_313672,ISPY2,train,train,test,train
ISPY2_317641,test,test,ispy2_317641,ISPY2,train,train,test,train
ISPY2_318293,test,test,ispy2_318293,ISPY2,train,train,test,train
ISPY2_318438,test,test,ispy2_318438,ISPY2,train,train,test,train
ISPY2_326433,test,test,ispy2_326433,ISPY2,train,train,test,train
ISPY2_327142,test,test,ispy2_327142,ISPY2,train,train,test,train
ISPY2_332655,test,test,ispy2_332655,ISPY2,train,train,test,train
ISPY2_345460,test,test,ispy2_345460,ISPY2,train,train,test,train
ISPY2_353318,test,test,ispy2_353318,ISPY2,train,train,test,train
ISPY2_356399,test,test,ispy2_356399,ISPY2,train,train,test,train
ISPY2_362150,test,test,ispy2_362150,ISPY2,val,train,test,val
ISPY2_374106,test,test,ispy2_374106,ISPY2,train,train,test,train
ISPY2_375342,test,test,ispy2_375342,ISPY2,train,train,test,train
ISPY2_409288,test,test,ispy2_409288,ISPY2,val,train,test,train
ISPY2_418593,test,test,ispy2_418593,ISPY2,train,train,test,train
ISPY2_427321,test,test,ispy2_427321,ISPY2,train,train,test,train
ISPY2_435313,test,test,ispy2_435313,ISPY2,train,train,test,train
ISPY2_443708,test,test,ispy2_443708,ISPY2,train,train,test,train
ISPY2_453596,test,test,ispy2_453596,ISPY2,train,train,test,train
ISPY2_467622,test,test,ispy2_467622,ISPY2,train,train,test,train
ISPY2_495440,test,test,ispy2_495440,ISPY2,train,train,test,train
ISPY2_501303,test,test,ispy2_501303,ISPY2,train,train,test,train
ISPY2_516763,test,test,ispy2_516763,ISPY2,train,train,test,train
ISPY2_520471,test,test,ispy2_520471,ISPY2,train,train,test,train
ISPY2_527581,test,test,ispy2_527581,ISPY2,train,train,test,train
ISPY2_531988,test,test,ispy2_531988,ISPY2,train,train,test,train
ISPY2_532183,test,test,ispy2_532183,ISPY2,train,train,test,train
ISPY2_539904,test,test,ispy2_539904,ISPY2,train,train,test,train
ISPY2_550421,test,test,ispy2_550421,ISPY2,train,train,test,train
ISPY2_564701,test,test,ispy2_564701,ISPY2,train,train,test,train
ISPY2_573919,test,test,ispy2_573919,ISPY2,train,val,test,train
ISPY2_579881,test,test,ispy2_579881,ISPY2,train,train,test,train
ISPY2_597253,test,test,ispy2_597253,ISPY2,val,train,test,train
ISPY2_597873,test,test,ispy2_597873,ISPY2,val,train,test,train
ISPY2_598835,test,test,ispy2_598835,ISPY2,train,train,test,train
ISPY2_622078,test,test,ispy2_622078,ISPY2,train,train,test,train
ISPY2_624777,test,test,ispy2_624777,ISPY2,train,train,test,train
ISPY2_628788,test,test,ispy2_628788,ISPY2,train,train,test,val
ISPY2_631337,test,test,ispy2_631337,ISPY2,train,train,test,train
ISPY2_638126,test,test,ispy2_638126,ISPY2,train,train,test,train
ISPY2_639663,test,test,ispy2_639663,ISPY2,train,train,test,train
ISPY2_641246,test,test,ispy2_641246,ISPY2,train,train,test,train
ISPY2_654021,test,test,ispy2_654021,ISPY2,train,train,test,train
ISPY2_664111,test,test,ispy2_664111,ISPY2,train,train,test,train
ISPY2_666450,test,test,ispy2_666450,ISPY2,val,train,test,train
ISPY2_685795,test,test,ispy2_685795,ISPY2,train,train,test,train
ISPY2_689452,test,test,ispy2_689452,ISPY2,train,train,test,train
ISPY2_725455,test,test,ispy2_725455,ISPY2,train,train,test,train
ISPY2_726940,test,test,ispy2_726940,ISPY2,train,train,test,train
ISPY2_727255,test,test,ispy2_727255,ISPY2,train,train,test,train
ISPY2_736721,test,test,ispy2_736721,ISPY2,train,train,test,train
ISPY2_745633,test,test,ispy2_745633,ISPY2,train,train,test,train
ISPY2_783578,test,test,ispy2_783578,ISPY2,train,val,test,train
ISPY2_783771,test,test,ispy2_783771,ISPY2,train,train,test,train
ISPY2_791321,test,test,ispy2_791321,ISPY2,train,val,test,train
ISPY2_793155,test,test,ispy2_793155,ISPY2,train,train,test,val
ISPY2_801641,test,test,ispy2_801641,ISPY2,train,train,test,train
ISPY2_814299,test,test,ispy2_814299,ISPY2,train,train,test,train
ISPY2_828199,test,test,ispy2_828199,ISPY2,train,train,test,train
ISPY2_830486,test,test,ispy2_830486,ISPY2,train,val,test,train
ISPY2_846156,test,test,ispy2_846156,ISPY2,train,train,test,train
ISPY2_859699,test,test,ispy2_859699,ISPY2,val,train,test,val
ISPY2_863161,test,test,ispy2_863161,ISPY2,train,train,test,train
ISPY2_870077,test,test,ispy2_870077,ISPY2,train,train,test,train
ISPY2_872188,test,test,ispy2_872188,ISPY2,train,train,test,train
ISPY2_877463,test,test,ispy2_877463,ISPY2,train,train,test,train
ISPY2_887594,test,test,ispy2_887594,ISPY2,val,train,test,train
ISPY2_894673,test,test,ispy2_894673,ISPY2,train,val,test,train
ISPY2_896621,test,test,ispy2_896621,ISPY2,train,train,test,val
ISPY2_916586,test,test,ispy2_916586,ISPY2,train,train,test,train
ISPY2_930172,test,test,ispy2_930172,ISPY2,train,train,test,train
ISPY2_960490,test,test,ispy2_960490,ISPY2,train,train,test,train
ISPY2_962472,test,test,ispy2_962472,ISPY2,train,train,test,train
ISPY2_973837,test,test,ispy2_973837,ISPY2,train,train,test,train
ISPY2_981461,test,test,ispy2_981461,ISPY2,train,train,test,train
ISPY2_981664,test,test,ispy2_981664,ISPY2,train,train,test,train
ISPY2_986734,test,test,ispy2_986734,ISPY2,val,train,test,train
ISPY2_991818,test,test,ispy2_991818,ISPY2,train,train,test,train
NACT_02,test,test,nact_02,NACT,train,train,train,test
NACT_08,test,test,nact_08,NACT,train,train,train,test
NACT_09,test,test,nact_09,NACT,train,train,train,test
NACT_13,test,test,nact_13,NACT,train,train,train,test
NACT_17,test,test,nact_17,NACT,val,train,train,test
NACT_18,test,test,nact_18,NACT,train,train,train,test
NACT_27,test,test,nact_27,NACT,train,train,train,test
NACT_28,test,test,nact_28,NACT,train,train,train,test
NACT_29,test,test,nact_29,NACT,train,train,train,test
NACT_32,test,test,nact_32,NACT,train,train,train,test
NACT_39,test,test,nact_39,NACT,train,train,train,test
NACT_41,test,test,nact_41,NACT,train,train,train,test
NACT_44,test,test,nact_44,NACT,train,train,train,test
NACT_55,test,test,nact_55,NACT,val,train,train,test
NACT_57,test,test,nact_57,NACT,train,train,train,test
NACT_60,test,test,nact_60,NACT,train,train,train,test
NACT_67,test,test,nact_67,NACT,train,train,val,test
DUKE_001,train,train,duke_001,DUKE,test,train,train,train
DUKE_002,train,train,duke_002,DUKE,test,train,train,train
DUKE_005,train,train,duke_005,DUKE,test,train,train,train
DUKE_009,train,train,duke_009,DUKE,test,train,train,val
DUKE_010,train,train,duke_010,DUKE,test,train,train,train
DUKE_012,train,train,duke_012,DUKE,test,val,train,train
DUKE_032,train,train,duke_032,DUKE,test,train,train,train
DUKE_034,train,train,duke_034,DUKE,test,train,train,train
DUKE_040,train,train,duke_040,DUKE,test,train,train,train
DUKE_041,train,train,duke_041,DUKE,test,train,train,val
DUKE_043,train,train,duke_043,DUKE,test,train,val,train
DUKE_045,train,train,duke_045,DUKE,test,train,train,train
DUKE_048,train,train,duke_048,DUKE,test,train,train,train
DUKE_051,train,train,duke_051,DUKE,test,train,val,train
DUKE_059,train,train,duke_059,DUKE,test,train,train,train
DUKE_061,train,train,duke_061,DUKE,test,train,train,train
DUKE_064,train,train,duke_064,DUKE,test,train,train,train
DUKE_071,train,train,duke_071,DUKE,test,train,train,train
DUKE_077,train,train,duke_077,DUKE,test,train,train,val
DUKE_082,train,train,duke_082,DUKE,test,train,train,train
DUKE_090,train,train,duke_090,DUKE,test,train,train,train
DUKE_091,train,train,duke_091,DUKE,test,val,train,train
DUKE_097,train,train,duke_097,DUKE,test,train,train,train
DUKE_103,train,train,duke_103,DUKE,test,train,train,train
DUKE_104,train,train,duke_104,DUKE,test,val,val,train
DUKE_105,train,train,duke_105,DUKE,test,train,train,train
DUKE_107,train,train,duke_107,DUKE,test,train,train,val
DUKE_114,train,train,duke_114,DUKE,test,train,train,train
DUKE_115,train,train,duke_115,DUKE,test,train,train,train
DUKE_117,train,train,duke_117,DUKE,test,val,train,val
DUKE_123,train,train,duke_123,DUKE,test,train,train,train
DUKE_129,train,train,duke_129,DUKE,test,train,train,train
DUKE_137,train,train,duke_137,DUKE,test,train,train,train
DUKE_141,train,train,duke_141,DUKE,test,train,val,train
DUKE_142,train,train,duke_142,DUKE,test,train,train,train
DUKE_144,train,train,duke_144,DUKE,test,train,train,train
DUKE_156,train,train,duke_156,DUKE,test,train,train,val
DUKE_160,train,train,duke_160,DUKE,test,train,train,train
DUKE_168,train,train,duke_168,DUKE,test,val,train,train
DUKE_176,train,train,duke_176,DUKE,test,train,train,train
DUKE_177,train,train,duke_177,DUKE,test,train,train,train
DUKE_178,train,train,duke_178,DUKE,test,train,train,train
DUKE_183,train,train,duke_183,DUKE,test,train,train,train
DUKE_185,train,train,duke_185,DUKE,test,train,train,train
DUKE_192,train,train,duke_192,DUKE,test,train,train,train
DUKE_198,train,train,duke_198,DUKE,test,train,train,train
DUKE_202,train,train,duke_202,DUKE,test,train,train,train
DUKE_211,train,train,duke_211,DUKE,test,train,train,val
DUKE_217,train,train,duke_217,DUKE,test,train,train,train
DUKE_218,train,train,duke_218,DUKE,test,train,train,train
DUKE_228,train,train,duke_228,DUKE,test,train,train,val
DUKE_233,train,train,duke_233,DUKE,test,train,train,train
DUKE_236,train,train,duke_236,DUKE,test,train,train,train
DUKE_239,train,train,duke_239,DUKE,test,train,train,train
DUKE_240,train,train,duke_240,DUKE,test,train,train,train
DUKE_250,train,train,duke_250,DUKE,test,val,train,train
DUKE_256,train,train,duke_256,DUKE,test,val,train,train
DUKE_258,train,train,duke_258,DUKE,test,train,train,train
DUKE_260,train,train,duke_260,DUKE,test,train,train,train
DUKE_265,train,train,duke_265,DUKE,test,val,val,train
DUKE_268,train,train,duke_268,DUKE,test,train,train,train
DUKE_269,train,train,duke_269,DUKE,test,train,train,train
DUKE_275,train,train,duke_275,DUKE,test,train,train,train
DUKE_282,train,train,duke_282,DUKE,test,val,train,train
DUKE_290,train,train,duke_290,DUKE,test,train,train,train
DUKE_293,train,train,duke_293,DUKE,test,train,train,train
DUKE_298,train,train,duke_298,DUKE,test,train,val,val
DUKE_301,train,train,duke_301,DUKE,test,train,train,train
DUKE_304,train,train,duke_304,DUKE,test,train,train,train
DUKE_313,train,train,duke_313,DUKE,test,train,train,train
DUKE_321,train,train,duke_321,DUKE,test,train,train,train
DUKE_328,train,train,duke_328,DUKE,test,train,train,train
DUKE_333,train,train,duke_333,DUKE,test,train,train,train
DUKE_335,train,train,duke_335,DUKE,test,train,train,val
DUKE_338,train,train,duke_338,DUKE,test,train,train,train
DUKE_345,train,train,duke_345,DUKE,test,train,train,train
DUKE_350,train,train,duke_350,DUKE,test,train,train,train
DUKE_356,train,train,duke_356,DUKE,test,train,train,train
DUKE_360,train,train,duke_360,DUKE,test,train,train,train
DUKE_363,train,train,duke_363,DUKE,test,val,train,val
DUKE_378,train,train,duke_378,DUKE,test,train,train,train
DUKE_386,train,train,duke_386,DUKE,test,train,train,val
DUKE_387,train,train,duke_387,DUKE,test,train,val,train
DUKE_395,train,train,duke_395,DUKE,test,train,train,train
DUKE_399,train,train,duke_399,DUKE,test,train,val,train
DUKE_400,train,train,duke_400,DUKE,test,train,train,train
DUKE_406,train,train,duke_406,DUKE,test,train,train,train
DUKE_407,train,train,duke_407,DUKE,test,train,train,train
DUKE_412,train,train,duke_412,DUKE,test,train,train,train
DUKE_429,train,train,duke_429,DUKE,test,train,val,train
DUKE_437,train,train,duke_437,DUKE,test,train,train,train
DUKE_441,train,train,duke_441,DUKE,test,train,train,train
DUKE_444,train,train,duke_444,DUKE,test,val,train,train
DUKE_454,train,train,duke_454,DUKE,test,train,train,train
DUKE_465,train,train,duke_465,DUKE,test,train,train,train
DUKE_468,train,train,duke_468,DUKE,test,train,train,train
DUKE_474,train,train,duke_474,DUKE,test,train,val,train
DUKE_486,train,train,duke_486,DUKE,test,train,train,train
DUKE_489,train,train,duke_489,DUKE,test,train,val,train
DUKE_491,train,train,duke_491,DUKE,test,train,train,train
DUKE_506,train,train,duke_506,DUKE,test,train,train,val
DUKE_507,train,train,duke_507,DUKE,test,train,train,train
DUKE_512,train,train,duke_512,DUKE,test,train,train,train
DUKE_517,train,train,duke_517,DUKE,test,train,train,train
DUKE_521,train,train,duke_521,DUKE,test,train,train,train
DUKE_527,train,train,duke_527,DUKE,test,train,train,train
DUKE_530,train,train,duke_530,DUKE,test,train,train,train
DUKE_534,train,train,duke_534,DUKE,test,train,train,train
DUKE_535,train,train,duke_535,DUKE,test,train,val,train
DUKE_543,train,train,duke_543,DUKE,test,val,train,train
DUKE_545,train,train,duke_545,DUKE,test,train,train,train
DUKE_546,train,train,duke_546,DUKE,test,train,train,train
DUKE_552,train,train,duke_552,DUKE,test,train,train,train
DUKE_577,train,train,duke_577,DUKE,test,train,train,train
DUKE_590,train,train,duke_590,DUKE,test,train,train,train
DUKE_597,train,train,duke_597,DUKE,test,train,train,train
DUKE_607,train,train,duke_607,DUKE,test,train,train,train
DUKE_612,train,train,duke_612,DUKE,test,train,train,train
DUKE_616,train,train,duke_616,DUKE,test,train,train,train
DUKE_618,train,train,duke_618,DUKE,test,train,val,train
DUKE_623,train,train,duke_623,DUKE,test,train,train,train
DUKE_633,train,train,duke_633,DUKE,test,train,train,train
DUKE_636,train,train,duke_636,DUKE,test,train,train,train
DUKE_641,train,train,duke_641,DUKE,test,train,train,train
DUKE_645,train,train,duke_645,DUKE,test,train,train,train
DUKE_650,train,train,duke_650,DUKE,test,train,train,val
DUKE_652,train,train,duke_652,DUKE,test,train,train,train
DUKE_656,train,train,duke_656,DUKE,test,train,train,train
DUKE_660,train,train,duke_660,DUKE,test,train,train,train
DUKE_662,train,train,duke_662,DUKE,test,train,val,train
DUKE_666,train,train,duke_666,DUKE,test,train,train,train
DUKE_672,train,train,duke_672,DUKE,test,train,train,train
DUKE_677,train,train,duke_677,DUKE,test,train,train,train
DUKE_679,train,train,duke_679,DUKE,test,val,train,train
DUKE_681,train,train,duke_681,DUKE,test,train,train,train
DUKE_684,train,train,duke_684,DUKE,test,train,train,train
DUKE_685,train,train,duke_685,DUKE,test,train,train,train
DUKE_686,train,train,duke_686,DUKE,test,train,val,train
DUKE_688,train,train,duke_688,DUKE,test,train,train,train
DUKE_693,train,train,duke_693,DUKE,test,train,train,train
DUKE_697,train,train,duke_697,DUKE,test,train,train,train
DUKE_710,train,train,duke_710,DUKE,test,train,train,train
DUKE_717,train,train,duke_717,DUKE,test,train,train,train
DUKE_723,train,train,duke_723,DUKE,test,train,train,train
DUKE_724,train,train,duke_724,DUKE,test,train,train,train
DUKE_725,train,train,duke_725,DUKE,test,train,train,train
DUKE_735,train,train,duke_735,DUKE,test,train,train,train
DUKE_746,train,train,duke_746,DUKE,test,train,train,train
DUKE_751,train,train,duke_751,DUKE,test,train,train,train
DUKE_765,train,train,duke_765,DUKE,test,train,train,train
DUKE_774,train,train,duke_774,DUKE,test,train,train,train
DUKE_776,train,train,duke_776,DUKE,test,train,train,train
DUKE_778,train,train,duke_778,DUKE,test,train,train,train
DUKE_790,train,train,duke_790,DUKE,test,val,train,train
DUKE_792,train,train,duke_792,DUKE,test,val,train,train
DUKE_797,train,train,duke_797,DUKE,test,train,val,train
DUKE_804,train,train,duke_804,DUKE,test,train,train,train
DUKE_805,train,train,duke_805,DUKE,test,train,train,train
DUKE_809,train,train,duke_809,DUKE,test,train,train,train
DUKE_812,train,train,duke_812,DUKE,test,train,train,train
DUKE_816,train,train,duke_816,DUKE,test,train,train,train
DUKE_822,train,train,duke_822,DUKE,test,train,train,train
DUKE_830,train,train,duke_830,DUKE,test,train,train,train
DUKE_831,train,train,duke_831,DUKE,test,train,train,train
DUKE_833,train,train,duke_833,DUKE,test,train,train,train
DUKE_834,train,train,duke_834,DUKE,test,train,train,train
DUKE_850,train,train,duke_850,DUKE,test,val,train,train
DUKE_860,train,train,duke_860,DUKE,test,train,train,train
DUKE_865,train,train,duke_865,DUKE,test,train,train,train
DUKE_874,train,train,duke_874,DUKE,test,val,train,train
DUKE_879,train,train,duke_879,DUKE,test,train,train,train
DUKE_884,train,train,duke_884,DUKE,test,train,val,train
DUKE_885,train,train,duke_885,DUKE,test,train,train,train
DUKE_886,train,train,duke_886,DUKE,test,train,train,train
DUKE_891,train,train,duke_891,DUKE,test,train,train,train
DUKE_899,train,train,duke_899,DUKE,test,train,train,train
DUKE_907,train,train,duke_907,DUKE,test,train,train,train
DUKE_914,train,train,duke_914,DUKE,test,train,train,val
DUKE_916,train,train,duke_916,DUKE,test,train,train,train
DUKE_917,train,train,duke_917,DUKE,test,train,train,train
ISPY1_1001,train,train,ispy1_1001,ISPY1,train,test,train,train
ISPY1_1002,train,train,ispy1_1002,ISPY1,train,test,val,train
ISPY1_1003,train,train,ispy1_1003,ISPY1,train,test,train,train
ISPY1_1008,train,train,ispy1_1008,ISPY1,train,test,train,train
ISPY1_1009,train,train,ispy1_1009,ISPY1,train,test,train,train
ISPY1_1010,train,train,ispy1_1010,ISPY1,train,test,train,train
ISPY1_1011,train,train,ispy1_1011,ISPY1,train,test,train,train
ISPY1_1012,train,train,ispy1_1012,ISPY1,train,test,train,train
ISPY1_1013,train,train,ispy1_1013,ISPY1,train,test,train,train
ISPY1_1015,train,train,ispy1_1015,ISPY1,train,test,train,train
ISPY1_1021,train,train,ispy1_1021,ISPY1,train,test,train,train
ISPY1_1025,train,train,ispy1_1025,ISPY1,train,test,train,train
ISPY1_1029,train,train,ispy1_1029,ISPY1,train,test,train,train
ISPY1_1030,train,train,ispy1_1030,ISPY1,train,test,train,train
ISPY1_1031,train,train,ispy1_1031,ISPY1,train,test,train,train
ISPY1_1032,train,train,ispy1_1032,ISPY1,train,test,train,train
ISPY1_1034,train,train,ispy1_1034,ISPY1,train,test,train,train
ISPY1_1035,train,train,ispy1_1035,ISPY1,train,test,train,train
ISPY1_1037,train,train,ispy1_1037,ISPY1,train,test,train,train
ISPY1_1038,train,train,ispy1_1038,ISPY1,train,test,train,train
ISPY1_1049,train,train,ispy1_1049,ISPY1,val,test,train,train
ISPY1_1054,train,train,ispy1_1054,ISPY1,train,test,train,train
ISPY1_1056,train,train,ispy1_1056,ISPY1,train,test,train,train
ISPY1_1058,train,train,ispy1_1058,ISPY1,train,test,train,val
ISPY1_1060,train,train,ispy1_1060,ISPY1,train,test,val,train
ISPY1_1061,train,train,ispy1_1061,ISPY1,train,test,train,train
ISPY1_1062,train,train,ispy1_1062,ISPY1,train,test,train,train
ISPY1_1064,train,train,ispy1_1064,ISPY1,train,test,train,val
ISPY1_1065,train,train,ispy1_1065,ISPY1,train,test,train,train
ISPY1_1066,train,train,ispy1_1066,ISPY1,train,test,train,train
ISPY1_1067,train,train,ispy1_1067,ISPY1,train,test,train,train
ISPY1_1069,train,train,ispy1_1069,ISPY1,train,test,train,train
ISPY1_1070,train,train,ispy1_1070,ISPY1,train,test,train,train
ISPY1_1075,train,train,ispy1_1075,ISPY1,train,test,train,train
ISPY1_1078,train,train,ispy1_1078,ISPY1,val,test,val,train
ISPY1_1083,train,train,ispy1_1083,ISPY1,train,test,train,train
ISPY1_1088,train,train,ispy1_1088,ISPY1,train,test,train,train
ISPY1_1096,train,train,ispy1_1096,ISPY1,train,test,train,train
ISPY1_1098,train,train,ispy1_1098,ISPY1,train,test,train,train
ISPY1_1100,train,train,ispy1_1100,ISPY1,train,test,train,train
ISPY1_1102,train,train,ispy1_1102,ISPY1,train,test,train,val
ISPY1_1104,train,train,ispy1_1104,ISPY1,train,test,train,train
ISPY1_1106,train,train,ispy1_1106,ISPY1,train,test,train,train
ISPY1_1107,train,train,ispy1_1107,ISPY1,train,test,train,train
ISPY1_1112,train,train,ispy1_1112,ISPY1,val,test,train,val
ISPY1_1117,train,train,ispy1_1117,ISPY1,train,test,train,train
ISPY1_1122,train,train,ispy1_1122,ISPY1,train,test,train,val
ISPY1_1123,train,train,ispy1_1123,ISPY1,train,test,train,train
ISPY1_1124,train,train,ispy1_1124,ISPY1,val,test,train,train
ISPY1_1125,train,train,ispy1_1125,ISPY1,train,test,train,train
ISPY1_1127,train,train,ispy1_1127,ISPY1,train,test,train,train
ISPY1_1128,train,train,ispy1_1128,ISPY1,train,test,train,train
ISPY1_1129,train,train,ispy1_1129,ISPY1,train,test,val,train
ISPY1_1130,train,train,ispy1_1130,ISPY1,train,test,val,train
ISPY1_1132,train,train,ispy1_1132,ISPY1,train,test,train,val
ISPY1_1134,train,train,ispy1_1134,ISPY1,train,test,train,train
ISPY1_1135,train,train,ispy1_1135,ISPY1,train,test,train,train
ISPY1_1136,train,train,ispy1_1136,ISPY1,train,test,train,val
ISPY1_1142,train,train,ispy1_1142,ISPY1,train,test,train,train
ISPY1_1144,train,train,ispy1_1144,ISPY1,train,test,train,train
ISPY1_1146,train,train,ispy1_1146,ISPY1,train,test,train,train
ISPY1_1147,train,train,ispy1_1147,ISPY1,train,test,train,train
ISPY1_1152,train,train,ispy1_1152,ISPY1,train,test,train,train
ISPY1_1157,train,train,ispy1_1157,ISPY1,train,test,train,train
ISPY1_1158,train,train,ispy1_1158,ISPY1,train,test,train,train
ISPY1_1163,train,train,ispy1_1163,ISPY1,val,test,train,train
ISPY1_1165,train,train,ispy1_1165,ISPY1,train,test,val,train
ISPY1_1166,train,train,ispy1_1166,ISPY1,train,test,val,train
ISPY1_1168,train,train,ispy1_1168,ISPY1,val,test,train,val
ISPY1_1171,train,train,ispy1_1171,ISPY1,train,test,train,train
ISPY1_1172,train,train,ispy1_1172,ISPY1,train,test,train,train
ISPY1_1174,train,train,ispy1_1174,ISPY1,train,test,train,train
ISPY1_1177,train,train,ispy1_1177,ISPY1,train,test,train,train
ISPY1_1182,train,train,ispy1_1182,ISPY1,train,test,train,train
ISPY1_1184,train,train,ispy1_1184,ISPY1,train,test,val,train
ISPY1_1185,train,train,ispy1_1185,ISPY1,train,test,train,train
ISPY1_1188,train,train,ispy1_1188,ISPY1,train,test,train,train
ISPY1_1189,train,train,ispy1_1189,ISPY1,train,test,train,train
ISPY1_1192,train,train,ispy1_1192,ISPY1,train,test,train,train
ISPY1_1196,train,train,ispy1_1196,ISPY1,train,test,train,train
ISPY1_1197,train,train,ispy1_1197,ISPY1,train,test,train,train
ISPY1_1198,train,train,ispy1_1198,ISPY1,train,test,train,train
ISPY1_1204,train,train,ispy1_1204,ISPY1,train,test,train,train
ISPY1_1207,train,train,ispy1_1207,ISPY1,train,test,train,train
ISPY1_1209,train,train,ispy1_1209,ISPY1,train,test,train,train
ISPY1_1217,train,train,ispy1_1217,ISPY1,train,test,train,train
ISPY1_1220,train,train,ispy1_1220,ISPY1,train,test,train,train
ISPY1_1223,train,train,ispy1_1223,ISPY1,train,test,train,train
ISPY1_1226,train,train,ispy1_1226,ISPY1,train,test,train,train
ISPY1_1228,train,train,ispy1_1228,ISPY1,train,test,train,train
ISPY1_1229,train,train,ispy1_1229,ISPY1,train,test,train,train
ISPY1_1234,train,train,ispy1_1234,ISPY1,train,test,train,train
ISPY1_1237,train,train,ispy1_1237,ISPY1,train,test,train,train
ISPY1_1239,train,train,ispy1_1239,ISPY1,val,test,train,train
ISPY2_100899,train,train,ispy2_100899,ISPY2,train,train,test,train
ISPY2_102011,train,train,ispy2_102011,ISPY2,train,train,test,train
ISPY2_102212,train,train,ispy2_102212,ISPY2,train,train,test,train
ISPY2_103693,train,train,ispy2_103693,ISPY2,train,train,test,train
ISPY2_103939,train,train,ispy2_103939,ISPY2,train,train,test,train
ISPY2_104268,train,train,ispy2_104268,ISPY2,train,train,test,train
ISPY2_104384,train,train,ispy2_104384,ISPY2,train,train,test,train
ISPY2_105286,train,train,ispy2_105286,ISPY2,train,train,test,train
ISPY2_107700,train,train,ispy2_107700,ISPY2,train,val,test,train
ISPY2_109623,train,train,ispy2_109623,ISPY2,train,train,test,train
ISPY2_111344,train,train,ispy2_111344,ISPY2,train,train,test,train
ISPY2_111646,train,train,ispy2_111646,ISPY2,train,train,test,train
ISPY2_111881,train,train,ispy2_111881,ISPY2,train,val,test,train
ISPY2_114087,train,train,ispy2_114087,ISPY2,train,val,test,train
ISPY2_115987,train,train,ispy2_115987,ISPY2,train,val,test,train
ISPY2_116165,train,train,ispy2_116165,ISPY2,train,train,test,train
ISPY2_116603,train,train,ispy2_116603,ISPY2,val,val,test,train
ISPY2_117707,train,train,ispy2_117707,ISPY2,train,val,test,train
ISPY2_118307,train,train,ispy2_118307,ISPY2,train,train,test,train
ISPY2_119928,train,train,ispy2_119928,ISPY2,train,train,test,train
ISPY2_122579,train,train,ispy2_122579,ISPY2,train,train,test,train
ISPY2_122795,train,train,ispy2_122795,ISPY2,train,train,test,train
ISPY2_125130,train,train,ispy2_125130,ISPY2,train,val,test,train
ISPY2_125418,train,train,ispy2_125418,ISPY2,train,train,test,train
ISPY2_127675,train,train,ispy2_127675,ISPY2,train,train,test,train
ISPY2_127791,train,train,ispy2_127791,ISPY2,val,train,test,train
ISPY2_128051,train,train,ispy2_128051,ISPY2,train,train,test,train
ISPY2_128675,train,train,ispy2_128675,ISPY2,val,val,test,train
ISPY2_129837,train,train,ispy2_129837,ISPY2,val,train,test,train
ISPY2_130580,train,train,ispy2_130580,ISPY2,train,train,test,train
ISPY2_130892,train,train,ispy2_130892,ISPY2,train,train,test,train
ISPY2_131595,train,train,ispy2_131595,ISPY2,train,train,test,train
ISPY2_131961,train,train,ispy2_131961,ISPY2,train,train,test,train
ISPY2_134526,train,train,ispy2_134526,ISPY2,train,train,test,train
ISPY2_136536,train,train,ispy2_136536,ISPY2,train,train,test,train
ISPY2_138027,train,train,ispy2_138027,ISPY2,val,train,test,train
ISPY2_138425,train,train,ispy2_138425,ISPY2,train,train,test,train
ISPY2_139137,train,train,ispy2_139137,ISPY2,train,train,test,train
ISPY2_139973,train,train,ispy2_139973,ISPY2,train,train,test,train
ISPY2_142688,train,train,ispy2_142688,ISPY2,train,train,test,train
ISPY2_145513,train,train,ispy2_145513,ISPY2,train,train,test,train
ISPY2_146033,train,train,ispy2_146033,ISPY2,val,train,test,train
ISPY2_146987,train,train,ispy2_146987,ISPY2,train,train,test,train
ISPY2_147139,train,train,ispy2_147139,ISPY2,train,train,test,val
ISPY2_148357,train,train,ispy2_148357,ISPY2,train,train,test,val
ISPY2_149654,train,train,ispy2_149654,ISPY2,train,train,test,train
ISPY2_150547,train,train,ispy2_150547,ISPY2,train,train,test,train
ISPY2_151481,train,train,ispy2_151481,ISPY2,train,train,test,val
ISPY2_152090,train,train,ispy2_152090,ISPY2,train,train,test,val
ISPY2_153327,train,train,ispy2_153327,ISPY2,train,train,test,train
ISPY2_153880,train,train,ispy2_153880,ISPY2,train,train,test,train
ISPY2_154293,train,train,ispy2_154293,ISPY2,train,train,test,train
ISPY2_156163,train,train,ispy2_156163,ISPY2,train,train,test,train
ISPY2_157463,train,train,ispy2_157463,ISPY2,train,train,test,train
ISPY2_159284,train,train,ispy2_159284,ISPY2,val,val,test,train
ISPY2_160120,train,train,ispy2_160120,ISPY2,val,train,test,train
ISPY2_162562,train,train,ispy2_162562,ISPY2,train,train,test,train
ISPY2_164468,train,train,ispy2_164468,ISPY2,train,train,test,train
ISPY2_166412,train,train,ispy2_166412,ISPY2,train,train,test,train
ISPY2_167271,train,train,ispy2_167271,ISPY2,train,train,test,train
ISPY2_168044,train,train,ispy2_168044,ISPY2,train,train,test,train
ISPY2_169918,train,train,ispy2_169918,ISPY2,train,train,test,train
ISPY2_172283,train,train,ispy2_172283,ISPY2,train,train,test,train
ISPY2_172366,train,train,ispy2_172366,ISPY2,train,train,test,train
ISPY2_174903,train,train,ispy2_174903,ISPY2,train,train,test,val
ISPY2_174904,train,train,ispy2_174904,ISPY2,val,train,test,train
ISPY2_177795,train,train,ispy2_177795,ISPY2,train,train,test,train
ISPY2_178649,train,train,ispy2_178649,ISPY2,train,train,test,train
ISPY2_178815,train,train,ispy2_178815,ISPY2,train,train,test,train
ISPY2_179369,train,train,ispy2_179369,ISPY2,val,train,test,train
ISPY2_179568,train,train,ispy2_179568,ISPY2,train,train,test,train
ISPY2_180663,train,train,ispy2_180663,ISPY2,train,train,test,train
ISPY2_181442,train,train,ispy2_181442,ISPY2,train,train,test,train
ISPY2_181819,train,train,ispy2_181819,ISPY2,train,train,test,train
ISPY2_183831,train,train,ispy2_183831,ISPY2,train,val,test,train
ISPY2_188511,train,train,ispy2_188511,ISPY2,train,train,test,train
ISPY2_188700,train,train,ispy2_188700,ISPY2,val,val,test,val
ISPY2_190224,train,train,ispy2_190224,ISPY2,train,train,test,train
ISPY2_192548,train,train,ispy2_192548,ISPY2,train,train,test,train
ISPY2_194024,train,train,ispy2_194024,ISPY2,train,train,test,train
ISPY2_196024,train,train,ispy2_196024,ISPY2,train,train,test,train
ISPY2_196064,train,train,ispy2_196064,ISPY2,train,train,test,train
ISPY2_198891,train,train,ispy2_198891,ISPY2,val,train,test,train
ISPY2_199115,train,train,ispy2_199115,ISPY2,val,train,test,train
ISPY2_199960,train,train,ispy2_199960,ISPY2,val,train,test,train
ISPY2_200222,train,train,ispy2_200222,ISPY2,train,train,test,train
ISPY2_201873,train,train,ispy2_201873,ISPY2,train,train,test,train
ISPY2_202539,train,train,ispy2_202539,ISPY2,train,train,test,train
ISPY2_202956,train,train,ispy2_202956,ISPY2,train,val,test,train
ISPY2_203060,train,train,ispy2_203060,ISPY2,train,train,test,train
ISPY2_204939,train,train,ispy2_204939,ISPY2,train,train,test,train
ISPY2_208303,train,train,ispy2_208303,ISPY2,train,train,test,train
ISPY2_208650,train,train,ispy2_208650,ISPY2,train,train,test,train
ISPY2_209397,train,train,ispy2_209397,ISPY2,train,train,test,train
ISPY2_209967,train,train,ispy2_209967,ISPY2,train,train,test,train
ISPY2_211408,train,train,ispy2_211408,ISPY2,train,train,test,train
ISPY2_213672,train,train,ispy2_213672,ISPY2,train,train,test,train
ISPY2_213913,train,train,ispy2_213913,ISPY2,train,train,test,train
ISPY2_215932,train,train,ispy2_215932,ISPY2,train,train,test,val
ISPY2_218249,train,train,ispy2_218249,ISPY2,train,train,test,train
ISPY2_218503,train,train,ispy2_218503,ISPY2,train,train,test,train
ISPY2_219545,train,train,ispy2_219545,ISPY2,train,train,test,train
ISPY2_220471,train,train,ispy2_220471,ISPY2,train,train,test,train
ISPY2_220925,train,train,ispy2_220925,ISPY2,train,train,test,train
ISPY2_221375,train,train,ispy2_221375,ISPY2,train,train,test,train
ISPY2_221686,train,train,ispy2_221686,ISPY2,train,train,test,train
ISPY2_223526,train,train,ispy2_223526,ISPY2,train,train,test,train
ISPY2_225836,train,train,ispy2_225836,ISPY2,train,train,test,train
ISPY2_227055,train,train,ispy2_227055,ISPY2,val,train,test,train
ISPY2_227832,train,train,ispy2_227832,ISPY2,train,train,test,train
ISPY2_227881,train,train,ispy2_227881,ISPY2,train,train,test,train
ISPY2_228192,train,train,ispy2_228192,ISPY2,train,train,test,train
ISPY2_228340,train,train,ispy2_228340,ISPY2,train,train,test,train
ISPY2_229144,train,train,ispy2_229144,ISPY2,train,train,test,train
ISPY2_229328,train,train,ispy2_229328,ISPY2,train,train,test,val
ISPY2_233191,train,train,ispy2_233191,ISPY2,train,val,test,val
ISPY2_233832,train,train,ispy2_233832,ISPY2,train,train,test,train
ISPY2_233962,train,train,ispy2_233962,ISPY2,val,train,test,train
ISPY2_234272,train,train,ispy2_234272,ISPY2,train,train,test,train
ISPY2_234723,train,train,ispy2_234723,ISPY2,train,val,test,val
ISPY2_238790,train,train,ispy2_238790,ISPY2,train,train,test,val
ISPY2_239061,train,train,ispy2_239061,ISPY2,train,train,test,train
ISPY2_239910,train,train,ispy2_239910,ISPY2,train,train,test,val
ISPY2_240432,train,train,ispy2_240432,ISPY2,train,train,test,train
ISPY2_241998,train,train,ispy2_241998,ISPY2,train,train,test,train
ISPY2_242370,train,train,ispy2_242370,ISPY2,train,val,test,train
ISPY2_243836,train,train,ispy2_243836,ISPY2,train,train,test,train
ISPY2_245655,train,train,ispy2_245655,ISPY2,train,train,test,train
ISPY2_247641,train,train,ispy2_247641,ISPY2,train,val,test,train
ISPY2_248255,train,train,ispy2_248255,ISPY2,train,train,test,train
ISPY2_250274,train,train,ispy2_250274,ISPY2,train,train,test,train
ISPY2_252748,train,train,ispy2_252748,ISPY2,train,train,test,val
ISPY2_255078,train,train,ispy2_255078,ISPY2,val,train,test,train
ISPY2_255535,train,train,ispy2_255535,ISPY2,train,train,test,train
ISPY2_255577,train,train,ispy2_255577,ISPY2,val,train,test,val
ISPY2_257735,train,train,ispy2_257735,ISPY2,train,train,test,train
ISPY2_259206,train,train,ispy2_259206,ISPY2,train,train,test,train
ISPY2_261304,train,train,ispy2_261304,ISPY2,train,train,test,train
ISPY2_263143,train,train,ispy2_263143,ISPY2,train,train,test,train
ISPY2_264678,train,train,ispy2_264678,ISPY2,val,train,test,train
ISPY2_266840,train,train,ispy2_266840,ISPY2,train,train,test,train
ISPY2_267306,train,train,ispy2_267306,ISPY2,train,train,test,train
ISPY2_268937,train,train,ispy2_268937,ISPY2,train,train,test,train
ISPY2_269899,train,train,ispy2_269899,ISPY2,train,train,test,train
ISPY2_273691,train,train,ispy2_273691,ISPY2,train,train,test,train
ISPY2_273745,train,train,ispy2_273745,ISPY2,train,train,test,train
ISPY2_275626,train,train,ispy2_275626,ISPY2,train,train,test,train
ISPY2_277848,train,train,ispy2_277848,ISPY2,train,train,test,train
ISPY2_279902,train,train,ispy2_279902,ISPY2,train,train,test,train
ISPY2_280375,train,train,ispy2_280375,ISPY2,train,val,test,train
ISPY2_282777,train,train,ispy2_282777,ISPY2,train,val,test,train
ISPY2_284355,train,train,ispy2_284355,ISPY2,val,train,test,train
ISPY2_284443,train,train,ispy2_284443,ISPY2,train,train,test,train
ISPY2_284593,train,train,ispy2_284593,ISPY2,train,train,test,val
ISPY2_285339,train,train,ispy2_285339,ISPY2,train,train,test,train
ISPY2_286984,train,train,ispy2_286984,ISPY2,train,train,test,train
ISPY2_287300,train,train,ispy2_287300,ISPY2,train,val,test,train
ISPY2_287961,train,train,ispy2_287961,ISPY2,train,train,test,train
ISPY2_289107,train,train,ispy2_289107,ISPY2,train,train,test,train
ISPY2_289420,train,train,ispy2_289420,ISPY2,train,train,test,train
ISPY2_290413,train,train,ispy2_290413,ISPY2,train,train,test,train
ISPY2_291515,train,train,ispy2_291515,ISPY2,train,train,test,train
ISPY2_293142,train,train,ispy2_293142,ISPY2,train,train,test,train
ISPY2_294176,train,train,ispy2_294176,ISPY2,train,train,test,train
ISPY2_294265,train,train,ispy2_294265,ISPY2,train,train,test,train
ISPY2_294739,train,train,ispy2_294739,ISPY2,train,train,test,train
ISPY2_296123,train,train,ispy2_296123,ISPY2,train,train,test,train
ISPY2_296841,train,train,ispy2_296841,ISPY2,train,train,test,train
ISPY2_298101,train,train,ispy2_298101,ISPY2,train,train,test,train
ISPY2_299364,train,train,ispy2_299364,ISPY2,val,train,test,train
ISPY2_299840,train,train,ispy2_299840,ISPY2,train,train,test,train
ISPY2_299962,train,train,ispy2_299962,ISPY2,train,train,test,train
ISPY2_300724,train,train,ispy2_300724,ISPY2,train,val,test,train
ISPY2_301665,train,train,ispy2_301665,ISPY2,train,train,test,val
ISPY2_303685,train,train,ispy2_303685,ISPY2,train,train,test,train
ISPY2_303947,train,train,ispy2_303947,ISPY2,train,train,test,train
ISPY2_306127,train,train,ispy2_306127,ISPY2,train,train,test,train
ISPY2_306401,train,train,ispy2_306401,ISPY2,train,train,test,train
ISPY2_309830,train,train,ispy2_309830,ISPY2,train,train,test,val
ISPY2_313243,train,train,ispy2_313243,ISPY2,train,train,test,train
ISPY2_316996,train,train,ispy2_316996,ISPY2,train,train,test,train
ISPY2_317131,train,train,ispy2_317131,ISPY2,train,train,test,train
ISPY2_317402,train,train,ispy2_317402,ISPY2,train,train,test,train
ISPY2_318407,train,train,ispy2_318407,ISPY2,train,train,test,train
ISPY2_320538,train,train,ispy2_320538,ISPY2,train,train,test,train
ISPY2_323721,train,train,ispy2_323721,ISPY2,train,train,test,val
ISPY2_324021,train,train,ispy2_324021,ISPY2,val,train,test,train
ISPY2_326202,train,train,ispy2_326202,ISPY2,train,train,test,train
ISPY2_327133,train,train,ispy2_327133,ISPY2,train,train,test,train
ISPY2_327917,train,train,ispy2_327917,ISPY2,train,train,test,train
ISPY2_328160,train,train,ispy2_328160,ISPY2,train,train,test,train
ISPY2_329076,train,train,ispy2_329076,ISPY2,train,train,test,train
ISPY2_329941,train,train,ispy2_329941,ISPY2,train,train,test,train
ISPY2_330134,train,train,ispy2_330134,ISPY2,train,train,test,train
ISPY2_331192,train,train,ispy2_331192,ISPY2,train,val,test,train
ISPY2_333145,train,train,ispy2_333145,ISPY2,train,train,test,train
ISPY2_335091,train,train,ispy2_335091,ISPY2,train,train,test,val
ISPY2_335536,train,train,ispy2_335536,ISPY2,train,train,test,train
ISPY2_340186,train,train,ispy2_340186,ISPY2,train,train,test,train
ISPY2_341238,train,train,ispy2_341238,ISPY2,train,train,test,train
ISPY2_342959,train,train,ispy2_342959,ISPY2,train,train,test,train
ISPY2_342996,train,train,ispy2_342996,ISPY2,train,train,test,val
ISPY2_343898,train,train,ispy2_343898,ISPY2,train,train,test,train
ISPY2_345483,train,train,ispy2_345483,ISPY2,val,val,test,train
ISPY2_345574,train,train,ispy2_345574,ISPY2,train,train,test,train
ISPY2_345907,train,train,ispy2_345907,ISPY2,train,train,test,train
ISPY2_347516,train,train,ispy2_347516,ISPY2,train,train,test,train
ISPY2_348009,train,train,ispy2_348009,ISPY2,train,val,test,train
ISPY2_349225,train,train,ispy2_349225,ISPY2,train,train,test,train
ISPY2_349639,train,train,ispy2_349639,ISPY2,train,train,test,train
ISPY2_350331,train,train,ispy2_350331,ISPY2,train,train,test,train
ISPY2_355292,train,train,ispy2_355292,ISPY2,train,train,test,train
ISPY2_355942,train,train,ispy2_355942,ISPY2,train,val,test,train
ISPY2_356431,train,train,ispy2_356431,ISPY2,train,train,test,train
ISPY2_356684,train,train,ispy2_356684,ISPY2,train,train,test,train
ISPY2_357017,train,train,ispy2_357017,ISPY2,train,train,test,train
ISPY2_357034,train,train,ispy2_357034,ISPY2,train,train,test,train
ISPY2_360937,train,train,ispy2_360937,ISPY2,train,train,test,train
ISPY2_361701,train,train,ispy2_361701,ISPY2,train,train,test,train
ISPY2_362993,train,train,ispy2_362993,ISPY2,val,val,test,train
ISPY2_363669,train,train,ispy2_363669,ISPY2,train,train,test,train
ISPY2_366120,train,train,ispy2_366120,ISPY2,train,train,test,train
ISPY2_367682,train,train,ispy2_367682,ISPY2,train,train,test,train
ISPY2_369040,train,train,ispy2_369040,ISPY2,train,train,test,train
ISPY2_371528,train,train,ispy2_371528,ISPY2,train,train,test,train
ISPY2_373346,train,train,ispy2_373346,ISPY2,train,train,test,val
ISPY2_373672,train,train,ispy2_373672,ISPY2,train,train,test,train
ISPY2_374121,train,train,ispy2_374121,ISPY2,train,train,test,train
ISPY2_375455,train,train,ispy2_375455,ISPY2,train,train,test,train
ISPY2_376676,train,train,ispy2_376676,ISPY2,train,train,test,train
ISPY2_377460,train,train,ispy2_377460,ISPY2,train,train,test,train
ISPY2_378885,train,train,ispy2_378885,ISPY2,train,train,test,train
ISPY2_380239,train,train,ispy2_380239,ISPY2,train,train,test,train
ISPY2_380769,train,train,ispy2_380769,ISPY2,train,train,test,train
ISPY2_380972,train,train,ispy2_380972,ISPY2,train,train,test,train
ISPY2_384830,train,train,ispy2_384830,ISPY2,train,train,test,train
ISPY2_386664,train,train,ispy2_386664,ISPY2,train,train,test,train
ISPY2_388581,train,train,ispy2_388581,ISPY2,train,train,test,train
ISPY2_391942,train,train,ispy2_391942,ISPY2,train,train,test,train
ISPY2_395076,train,train,ispy2_395076,ISPY2,train,train,test,train
ISPY2_395249,train,train,ispy2_395249,ISPY2,train,train,test,train
ISPY2_395379,train,train,ispy2_395379,ISPY2,train,train,test,train
ISPY2_396723,train,train,ispy2_396723,ISPY2,train,train,test,train
ISPY2_397505,train,train,ispy2_397505,ISPY2,train,train,test,train
ISPY2_401215,train,train,ispy2_401215,ISPY2,train,train,test,val
ISPY2_402265,train,train,ispy2_402265,ISPY2,train,train,test,train
ISPY2_402384,train,train,ispy2_402384,ISPY2,val,train,test,train
ISPY2_405717,train,train,ispy2_405717,ISPY2,train,train,test,train
ISPY2_406190,train,train,ispy2_406190,ISPY2,train,train,test,val
ISPY2_407539,train,train,ispy2_407539,ISPY2,train,train,test,train
ISPY2_408692,train,train,ispy2_408692,ISPY2,train,train,test,train
ISPY2_410083,train,train,ispy2_410083,ISPY2,train,train,test,train
ISPY2_411008,train,train,ispy2_411008,ISPY2,train,train,test,train
ISPY2_411684,train,train,ispy2_411684,ISPY2,val,train,test,train
ISPY2_411950,train,train,ispy2_411950,ISPY2,train,train,test,train
ISPY2_412772,train,train,ispy2_412772,ISPY2,train,val,test,train
ISPY2_413211,train,train,ispy2_413211,ISPY2,val,train,test,train
ISPY2_413961,train,train,ispy2_413961,ISPY2,train,train,test,val
ISPY2_414256,train,train,ispy2_414256,ISPY2,train,train,test,train
ISPY2_414286,train,train,ispy2_414286,ISPY2,train,val,test,train
ISPY2_414971,train,train,ispy2_414971,ISPY2,train,train,test,val
ISPY2_415039,train,train,ispy2_415039,ISPY2,train,train,test,train
ISPY2_416434,train,train,ispy2_416434,ISPY2,train,train,test,train
ISPY2_417474,train,train,ispy2_417474,ISPY2,train,train,test,train
ISPY2_417654,train,train,ispy2_417654,ISPY2,train,train,test,train
ISPY2_419590,train,train,ispy2_419590,ISPY2,train,train,test,train
ISPY2_420523,train,train,ispy2_420523,ISPY2,train,train,test,train
ISPY2_421829,train,train,ispy2_421829,ISPY2,train,train,test,val
ISPY2_421917,train,train,ispy2_421917,ISPY2,train,train,test,train
ISPY2_422013,train,train,ispy2_422013,ISPY2,train,train,test,train
ISPY2_422450,train,train,ispy2_422450,ISPY2,train,train,test,train
ISPY2_422454,train,train,ispy2_422454,ISPY2,train,train,test,train
ISPY2_423619,train,train,ispy2_423619,ISPY2,train,train,test,train
ISPY2_423979,train,train,ispy2_423979,ISPY2,train,train,test,train
ISPY2_424541,train,train,ispy2_424541,ISPY2,val,train,test,train
ISPY2_426106,train,train,ispy2_426106,ISPY2,train,train,test,train
ISPY2_429220,train,train,ispy2_429220,ISPY2,train,train,test,val
ISPY2_430441,train,train,ispy2_430441,ISPY2,train,train,test,val
ISPY2_431061,train,train,ispy2_431061,ISPY2,train,train,test,train
ISPY2_432114,train,train,ispy2_432114,ISPY2,train,train,test,train
ISPY2_433144,train,train,ispy2_433144,ISPY2,train,train,test,train
ISPY2_435279,train,train,ispy2_435279,ISPY2,train,train,test,train
ISPY2_436371,train,train,ispy2_436371,ISPY2,train,train,test,train
ISPY2_437162,train,train,ispy2_437162,ISPY2,val,train,test,train
ISPY2_437968,train,train,ispy2_437968,ISPY2,train,train,test,train
ISPY2_439489,train,train,ispy2_439489,ISPY2,train,train,test,train
ISPY2_442637,train,train,ispy2_442637,ISPY2,train,train,test,train
ISPY2_442669,train,train,ispy2_442669,ISPY2,train,train,test,val
ISPY2_442981,train,train,ispy2_442981,ISPY2,train,train,test,train
ISPY2_443444,train,train,ispy2_443444,ISPY2,train,train,test,val
ISPY2_446263,train,train,ispy2_446263,ISPY2,train,train,test,train
ISPY2_451482,train,train,ispy2_451482,ISPY2,train,train,test,train
ISPY2_451816,train,train,ispy2_451816,ISPY2,train,train,test,train
ISPY2_452703,train,train,ispy2_452703,ISPY2,val,train,test,train
ISPY2_454808,train,train,ispy2_454808,ISPY2,train,train,test,train
ISPY2_455828,train,train,ispy2_455828,ISPY2,train,train,test,train
ISPY2_456432,train,train,ispy2_456432,ISPY2,train,train,test,train
ISPY2_456506,train,train,ispy2_456506,ISPY2,train,train,test,train
ISPY2_458196,train,train,ispy2_458196,ISPY2,train,val,test,train
ISPY2_459311,train,train,ispy2_459311,ISPY2,train,val,test,train
ISPY2_460642,train,train,ispy2_460642,ISPY2,train,train,test,train
ISPY2_460776,train,train,ispy2_460776,ISPY2,train,val,test,train
ISPY2_462581,train,train,ispy2_462581,ISPY2,train,train,test,train
ISPY2_462582,train,train,ispy2_462582,ISPY2,train,train,test,train
ISPY2_462605,train,train,ispy2_462605,ISPY2,train,train,test,train
ISPY2_465008,train,train,ispy2_465008,ISPY2,train,train,test,val
ISPY2_466267,train,train,ispy2_466267,ISPY2,train,train,test,train
ISPY2_467686,train,train,ispy2_467686,ISPY2,val,train,test,train
ISPY2_472799,train,train,ispy2_472799,ISPY2,val,train,test,train
ISPY2_473365,train,train,ispy2_473365,ISPY2,train,train,test,train
ISPY2_473468,train,train,ispy2_473468,ISPY2,train,train,test,val
ISPY2_473505,train,train,ispy2_473505,ISPY2,train,train,test,train
ISPY2_474874,train,train,ispy2_474874,ISPY2,train,train,test,val
ISPY2_477816,train,train,ispy2_477816,ISPY2,train,train,test,train
ISPY2_477994,train,train,ispy2_477994,ISPY2,train,train,test,train
ISPY2_478484,train,train,ispy2_478484,ISPY2,train,train,test,train
ISPY2_478655,train,train,ispy2_478655,ISPY2,train,val,test,val
ISPY2_479417,train,train,ispy2_479417,ISPY2,train,train,test,train
ISPY2_483667,train,train,ispy2_483667,ISPY2,train,train,test,train
ISPY2_483910,train,train,ispy2_483910,ISPY2,train,train,test,train
ISPY2_484867,train,train,ispy2_484867,ISPY2,train,train,test,train
ISPY2_484894,train,train,ispy2_484894,ISPY2,train,train,test,train
ISPY2_485637,train,train,ispy2_485637,ISPY2,train,train,test,train
ISPY2_489194,train,train,ispy2_489194,ISPY2,train,val,test,train
ISPY2_489504,train,train,ispy2_489504,ISPY2,train,train,test,train
ISPY2_489973,train,train,ispy2_489973,ISPY2,val,train,test,train
ISPY2_490023,train,train,ispy2_490023,ISPY2,train,train,test,train
ISPY2_490805,train,train,ispy2_490805,ISPY2,train,train,test,train
ISPY2_491526,train,train,ispy2_491526,ISPY2,train,train,test,train
ISPY2_491779,train,train,ispy2_491779,ISPY2,train,train,test,train
ISPY2_492612,train,train,ispy2_492612,ISPY2,train,train,test,train
ISPY2_493472,train,train,ispy2_493472,ISPY2,train,train,test,train
ISPY2_493519,train,train,ispy2_493519,ISPY2,train,train,test,train
ISPY2_493775,train,train,ispy2_493775,ISPY2,train,train,test,train
ISPY2_494296,train,train,ispy2_494296,ISPY2,train,train,test,train
ISPY2_494946,train,train,ispy2_494946,ISPY2,train,train,test,train
ISPY2_496205,train,train,ispy2_496205,ISPY2,train,train,test,train
ISPY2_497010,train,train,ispy2_497010,ISPY2,train,val,test,train
ISPY2_498024,train,train,ispy2_498024,ISPY2,train,train,test,train
ISPY2_498985,train,train,ispy2_498985,ISPY2,train,train,test,train
ISPY2_500826,train,train,ispy2_500826,ISPY2,train,train,test,train
ISPY2_502486,train,train,ispy2_502486,ISPY2,train,train,test,train
ISPY2_503034,train,train,ispy2_503034,ISPY2,train,val,test,train
ISPY2_504838,train,train,ispy2_504838,ISPY2,train,train,test,train
ISPY2_507198,train,train,ispy2_507198,ISPY2,train,train,test,val
ISPY2_507249,train,train,ispy2_507249,ISPY2,train,train,test,train
ISPY2_509012,train,train,ispy2_509012,ISPY2,train,train,test,train
ISPY2_511851,train,train,ispy2_511851,ISPY2,train,train,test,train
ISPY2_515105,train,train,ispy2_515105,ISPY2,train,train,test,train
ISPY2_515141,train,train,ispy2_515141,ISPY2,train,train,test,train
ISPY2_515281,train,train,ispy2_515281,ISPY2,train,train,test,train
ISPY2_515284,train,train,ispy2_515284,ISPY2,train,train,test,train
ISPY2_515565,train,train,ispy2_515565,ISPY2,val,train,test,train
ISPY2_517446,train,train,ispy2_517446,ISPY2,train,train,test,train
ISPY2_517870,train,train,ispy2_517870,ISPY2,train,train,test,train
ISPY2_518000,train,train,ispy2_518000,ISPY2,train,train,test,train
ISPY2_518576,train,train,ispy2_518576,ISPY2,train,train,test,train
ISPY2_519738,train,train,ispy2_519738,ISPY2,val,train,test,train
ISPY2_520258,train,train,ispy2_520258,ISPY2,train,train,test,train
ISPY2_520986,train,train,ispy2_520986,ISPY2,val,val,test,train
ISPY2_521860,train,train,ispy2_521860,ISPY2,train,train,test,train
ISPY2_522140,train,train,ispy2_522140,ISPY2,train,train,test,train
ISPY2_524170,train,train,ispy2_524170,ISPY2,val,train,test,train
ISPY2_527320,train,train,ispy2_527320,ISPY2,train,train,test,train
ISPY2_528479,train,train,ispy2_528479,ISPY2,train,train,test,train
ISPY2_528833,train,train,ispy2_528833,ISPY2,train,train,test,train
ISPY2_530095,train,train,ispy2_530095,ISPY2,train,train,test,train
ISPY2_531672,train,train,ispy2_531672,ISPY2,train,train,test,train
ISPY2_535415,train,train,ispy2_535415,ISPY2,train,train,test,train
ISPY2_535569,train,train,ispy2_535569,ISPY2,train,train,test,train
ISPY2_535779,train,train,ispy2_535779,ISPY2,train,train,test,train
ISPY2_536253,train,train,ispy2_536253,ISPY2,train,train,test,train
ISPY2_539291,train,train,ispy2_539291,ISPY2,train,train,test,train
ISPY2_539876,train,train,ispy2_539876,ISPY2,val,train,test,train
ISPY2_540539,train,train,ispy2_540539,ISPY2,train,val,test,train
ISPY2_541165,train,train,ispy2_541165,ISPY2,train,train,test,train
ISPY2_542392,train,train,ispy2_542392,ISPY2,train,train,test,train
ISPY2_543795,train,train,ispy2_543795,ISPY2,train,train,test,train
ISPY2_547892,train,train,ispy2_547892,ISPY2,train,train,test,train
ISPY2_549172,train,train,ispy2_549172,ISPY2,val,train,test,val
ISPY2_550157,train,train,ispy2_550157,ISPY2,train,train,test,train
ISPY2_551795,train,train,ispy2_551795,ISPY2,train,train,test,train
ISPY2_552313,train,train,ispy2_552313,ISPY2,train,train,test,train
ISPY2_553012,train,train,ispy2_553012,ISPY2,train,train,test,train
ISPY2_553141,train,train,ispy2_553141,ISPY2,train,train,test,train
ISPY2_554577,train,train,ispy2_554577,ISPY2,train,train,test,val
ISPY2_555214,train,train,ispy2_555214,ISPY2,train,train,test,train
ISPY2_559021,train,train,ispy2_559021,ISPY2,train,train,test,train
ISPY2_559263,train,train,ispy2_559263,ISPY2,train,train,test,train
ISPY2_563856,train,train,ispy2_563856,ISPY2,train,train,test,train
ISPY2_564234,train,train,ispy2_564234,ISPY2,train,train,test,train
ISPY2_566011,train,train,ispy2_566011,ISPY2,train,train,test,train
ISPY2_567201,train,train,ispy2_567201,ISPY2,val,train,test,train
ISPY2_567907,train,train,ispy2_567907,ISPY2,train,train,test,train
ISPY2_568331,train,train,ispy2_568331,ISPY2,train,train,test,train
ISPY2_568953,train,train,ispy2_568953,ISPY2,train,train,test,train
ISPY2_570148,train,train,ispy2_570148,ISPY2,train,train,test,train
ISPY2_570380,train,train,ispy2_570380,ISPY2,train,train,test,val
ISPY2_570685,train,train,ispy2_570685,ISPY2,train,train,test,train
ISPY2_571276,train,train,ispy2_571276,ISPY2,train,train,test,train
ISPY2_571995,train,train,ispy2_571995,ISPY2,train,train,test,train
ISPY2_572016,train,train,ispy2_572016,ISPY2,train,train,test,train
ISPY2_572235,train,train,ispy2_572235,ISPY2,train,train,test,train
ISPY2_572444,train,train,ispy2_572444,ISPY2,train,train,test,train
ISPY2_572793,train,train,ispy2_572793,ISPY2,train,train,test,train
ISPY2_573586,train,train,ispy2_573586,ISPY2,train,train,test,train
ISPY2_573605,train,train,ispy2_573605,ISPY2,train,train,test,train
ISPY2_573881,train,train,ispy2_573881,ISPY2,train,train,test,train
ISPY2_574091,train,train,ispy2_574091,ISPY2,train,train,test,train
ISPY2_575372,train,train,ispy2_575372,ISPY2,train,train,test,val
ISPY2_575457,train,train,ispy2_575457,ISPY2,train,train,test,train
ISPY2_578975,train,train,ispy2_578975,ISPY2,train,val,test,train
ISPY2_580541,train,train,ispy2_580541,ISPY2,train,train,test,train
ISPY2_580632,train,train,ispy2_580632,ISPY2,train,train,test,val
ISPY2_581648,train,train,ispy2_581648,ISPY2,train,train,test,val
ISPY2_584561,train,train,ispy2_584561,ISPY2,train,train,test,val
ISPY2_586091,train,train,ispy2_586091,ISPY2,train,train,test,train
ISPY2_586207,train,train,ispy2_586207,ISPY2,train,train,test,train
ISPY2_587388,train,train,ispy2_587388,ISPY2,train,train,test,train
ISPY2_587604,train,train,ispy2_587604,ISPY2,train,train,test,val
ISPY2_587691,train,train,ispy2_587691,ISPY2,val,train,test,train
ISPY2_589502,train,train,ispy2_589502,ISPY2,train,val,test,val
ISPY2_590220,train,train,ispy2_590220,ISPY2,train,train,test,train
ISPY2_590299,train,train,ispy2_590299,ISPY2,train,train,test,val
ISPY2_591079,train,train,ispy2_591079,ISPY2,train,train,test,train
ISPY2_591180,train,train,ispy2_591180,ISPY2,train,train,test,train
ISPY2_591810,train,train,ispy2_591810,ISPY2,train,val,test,train
ISPY2_592535,train,train,ispy2_592535,ISPY2,train,train,test,train
ISPY2_596079,train,train,ispy2_596079,ISPY2,train,val,test,train
ISPY2_596458,train,train,ispy2_596458,ISPY2,train,train,test,train
ISPY2_597907,train,train,ispy2_597907,ISPY2,train,train,test,train
ISPY2_598798,train,train,ispy2_598798,ISPY2,train,train,test,train
ISPY2_600536,train,train,ispy2_600536,ISPY2,train,train,test,train
ISPY2_601489,train,train,ispy2_601489,ISPY2,train,train,test,val
ISPY2_602943,train,train,ispy2_602943,ISPY2,train,train,test,train
ISPY2_604199,train,train,ispy2_604199,ISPY2,train,train,test,train
ISPY2_604326,train,train,ispy2_604326,ISPY2,train,train,test,val
ISPY2_604380,train,train,ispy2_604380,ISPY2,train,train,test,train
ISPY2_605713,train,train,ispy2_605713,ISPY2,train,train,test,val
ISPY2_607047,train,train,ispy2_607047,ISPY2,train,train,test,train
ISPY2_607843,train,train,ispy2_607843,ISPY2,train,train,test,train
ISPY2_609151,train,train,ispy2_609151,ISPY2,train,train,test,train
ISPY2_609642,train,train,ispy2_609642,ISPY2,train,train,test,train
ISPY2_609897,train,train,ispy2_609897,ISPY2,train,train,test,train
ISPY2_613188,train,train,ispy2_613188,ISPY2,train,val,test,val
ISPY2_613961,train,train,ispy2_613961,ISPY2,train,train,test,train
ISPY2_614434,train,train,ispy2_614434,ISPY2,train,train,test,train
ISPY2_615873,train,train,ispy2_615873,ISPY2,train,val,test,train
ISPY2_618240,train,train,ispy2_618240,ISPY2,train,train,test,train
ISPY2_618717,train,train,ispy2_618717,ISPY2,val,train,test,train
ISPY2_618860,train,train,ispy2_618860,ISPY2,train,train,test,train
ISPY2_621179,train,train,ispy2_621179,ISPY2,train,train,test,train
ISPY2_622315,train,train,ispy2_622315,ISPY2,train,train,test,train
ISPY2_622688,train,train,ispy2_622688,ISPY2,train,train,test,train
ISPY2_623086,train,train,ispy2_623086,ISPY2,train,val,test,train
ISPY2_623569,train,train,ispy2_623569,ISPY2,train,train,test,train
ISPY2_625800,train,train,ispy2_625800,ISPY2,train,val,test,train
ISPY2_625854,train,train,ispy2_625854,ISPY2,train,train,test,train
ISPY2_627118,train,train,ispy2_627118,ISPY2,train,train,test,train
ISPY2_627981,train,train,ispy2_627981,ISPY2,train,train,test,train
ISPY2_628692,train,train,ispy2_628692,ISPY2,train,train,test,train
ISPY2_628823,train,train,ispy2_628823,ISPY2,train,train,test,train
ISPY2_629210,train,train,ispy2_629210,ISPY2,train,train,test,train
ISPY2_629371,train,train,ispy2_629371,ISPY2,train,train,test,train
ISPY2_629606,train,train,ispy2_629606,ISPY2,train,train,test,train
ISPY2_630758,train,train,ispy2_630758,ISPY2,train,train,test,train
ISPY2_631299,train,train,ispy2_631299,ISPY2,train,train,test,train
ISPY2_632408,train,train,ispy2_632408,ISPY2,train,train,test,train
ISPY2_635632,train,train,ispy2_635632,ISPY2,train,train,test,train
ISPY2_635862,train,train,ispy2_635862,ISPY2,train,train,test,val
ISPY2_636424,train,train,ispy2_636424,ISPY2,val,train,test,train
ISPY2_637051,train,train,ispy2_637051,ISPY2,train,train,test,train
ISPY2_637752,train,train,ispy2_637752,ISPY2,train,train,test,train
ISPY2_640043,train,train,ispy2_640043,ISPY2,val,train,test,train
ISPY2_640927,train,train,ispy2_640927,ISPY2,train,train,test,train
ISPY2_641697,train,train,ispy2_641697,ISPY2,train,train,test,train
ISPY2_641977,train,train,ispy2_641977,ISPY2,train,train,test,train
ISPY2_644186,train,train,ispy2_644186,ISPY2,val,train,test,val
ISPY2_644609,train,train,ispy2_644609,ISPY2,train,train,test,train
ISPY2_646233,train,train,ispy2_646233,ISPY2,val,train,test,val
ISPY2_646600,train,train,ispy2_646600,ISPY2,train,train,test,train
ISPY2_650589,train,train,ispy2_650589,ISPY2,train,train,test,val
ISPY2_651145,train,train,ispy2_651145,ISPY2,train,train,test,train
ISPY2_651401,train,train,ispy2_651401,ISPY2,train,train,test,train
ISPY2_651541,train,train,ispy2_651541,ISPY2,train,val,test,val
ISPY2_652480,train,train,ispy2_652480,ISPY2,train,train,test,train
ISPY2_653325,train,train,ispy2_653325,ISPY2,train,train,test,val
ISPY2_653927,train,train,ispy2_653927,ISPY2,train,train,test,train
ISPY2_654064,train,train,ispy2_654064,ISPY2,val,train,test,val
ISPY2_654956,train,train,ispy2_654956,ISPY2,train,train,test,train
ISPY2_655128,train,train,ispy2_655128,ISPY2,train,train,test,train
ISPY2_655703,train,train,ispy2_655703,ISPY2,train,train,test,train
ISPY2_655795,train,train,ispy2_655795,ISPY2,val,train,test,train
ISPY2_658541,train,train,ispy2_658541,ISPY2,train,train,test,train
ISPY2_660534,train,train,ispy2_660534,ISPY2,train,train,test,train
ISPY2_660915,train,train,ispy2_660915,ISPY2,val,train,test,val
ISPY2_661730,train,train,ispy2_661730,ISPY2,train,train,test,train
ISPY2_663197,train,train,ispy2_663197,ISPY2,train,train,test,train
ISPY2_663467,train,train,ispy2_663467,ISPY2,train,train,test,train
ISPY2_664658,train,train,ispy2_664658,ISPY2,train,train,test,train
ISPY2_666147,train,train,ispy2_666147,ISPY2,train,train,test,train
ISPY2_666715,train,train,ispy2_666715,ISPY2,train,train,test,train
ISPY2_668752,train,train,ispy2_668752,ISPY2,val,train,test,train
ISPY2_672734,train,train,ispy2_672734,ISPY2,train,train,test,train
ISPY2_674897,train,train,ispy2_674897,ISPY2,train,train,test,train
ISPY2_676048,train,train,ispy2_676048,ISPY2,train,train,test,train
ISPY2_676365,train,train,ispy2_676365,ISPY2,train,train,test,train
ISPY2_676630,train,train,ispy2_676630,ISPY2,val,train,test,train
ISPY2_677910,train,train,ispy2_677910,ISPY2,train,train,test,train
ISPY2_677915,train,train,ispy2_677915,ISPY2,train,val,test,train
ISPY2_679787,train,train,ispy2_679787,ISPY2,train,train,test,train
ISPY2_683896,train,train,ispy2_683896,ISPY2,train,train,test,train
ISPY2_685182,train,train,ispy2_685182,ISPY2,train,val,test,train
ISPY2_685753,train,train,ispy2_685753,ISPY2,train,train,test,train
ISPY2_687288,train,train,ispy2_687288,ISPY2,train,train,test,val
ISPY2_687733,train,train,ispy2_687733,ISPY2,train,train,test,train
ISPY2_688291,train,train,ispy2_688291,ISPY2,train,train,test,val
ISPY2_688955,train,train,ispy2_688955,ISPY2,val,train,test,train
ISPY2_689076,train,train,ispy2_689076,ISPY2,train,val,test,train
ISPY2_689188,train,train,ispy2_689188,ISPY2,val,train,test,val
ISPY2_690089,train,train,ispy2_690089,ISPY2,train,train,test,train
ISPY2_690410,train,train,ispy2_690410,ISPY2,train,train,test,train
ISPY2_691753,train,train,ispy2_691753,ISPY2,train,train,test,train
ISPY2_692885,train,train,ispy2_692885,ISPY2,train,train,test,train
ISPY2_695521,train,train,ispy2_695521,ISPY2,train,train,test,train
ISPY2_697098,train,train,ispy2_697098,ISPY2,train,val,test,train
ISPY2_697871,train,train,ispy2_697871,ISPY2,train,train,test,train
ISPY2_698094,train,train,ispy2_698094,ISPY2,train,train,test,train
ISPY2_701790,train,train,ispy2_701790,ISPY2,train,train,test,train
ISPY2_703401,train,train,ispy2_703401,ISPY2,train,train,test,val
ISPY2_703455,train,train,ispy2_703455,ISPY2,train,train,test,train
ISPY2_705381,train,train,ispy2_705381,ISPY2,train,train,test,train
ISPY2_706169,train,train,ispy2_706169,ISPY2,train,train,test,train
ISPY2_706418,train,train,ispy2_706418,ISPY2,train,train,test,train
ISPY2_706639,train,train,ispy2_706639,ISPY2,train,train,test,train
ISPY2_706943,train,train,ispy2_706943,ISPY2,train,train,test,train
ISPY2_709559,train,train,ispy2_709559,ISPY2,val,train,test,train
ISPY2_711476,train,train,ispy2_711476,ISPY2,train,train,test,train
ISPY2_712276,train,train,ispy2_712276,ISPY2,train,train,test,val
ISPY2_712785,train,train,ispy2_712785,ISPY2,train,val,test,train
ISPY2_712917,train,train,ispy2_712917,ISPY2,val,train,test,train
ISPY2_719713,train,train,ispy2_719713,ISPY2,train,train,test,val
ISPY2_720065,train,train,ispy2_720065,ISPY2,train,train,test,train
ISPY2_723918,train,train,ispy2_723918,ISPY2,train,train,test,train
ISPY2_724293,train,train,ispy2_724293,ISPY2,train,train,test,train
ISPY2_724384,train,train,ispy2_724384,ISPY2,train,train,test,train
ISPY2_726091,train,train,ispy2_726091,ISPY2,train,train,test,train
ISPY2_726381,train,train,ispy2_726381,ISPY2,val,train,test,train
ISPY2_727804,train,train,ispy2_727804,ISPY2,train,train,test,train
ISPY2_728149,train,train,ispy2_728149,ISPY2,train,train,test,train
ISPY2_728182,train,train,ispy2_728182,ISPY2,train,train,test,val
ISPY2_728287,train,train,ispy2_728287,ISPY2,train,train,test,train
ISPY2_728714,train,train,ispy2_728714,ISPY2,val,train,test,train
ISPY2_729732,train,train,ispy2_729732,ISPY2,train,train,test,train
ISPY2_732137,train,train,ispy2_732137,ISPY2,train,train,test,train
ISPY2_733276,train,train,ispy2_733276,ISPY2,train,train,test,train
ISPY2_734997,train,train,ispy2_734997,ISPY2,train,train,test,train
ISPY2_735673,train,train,ispy2_735673,ISPY2,train,train,test,train
ISPY2_738041,train,train,ispy2_738041,ISPY2,train,train,test,train
ISPY2_741535,train,train,ispy2_741535,ISPY2,train,train,test,train
ISPY2_742477,train,train,ispy2_742477,ISPY2,train,train,test,train
ISPY2_746265,train,train,ispy2_746265,ISPY2,train,train,test,train
ISPY2_746731,train,train,ispy2_746731,ISPY2,val,train,test,train
ISPY2_748583,train,train,ispy2_748583,ISPY2,train,train,test,train
ISPY2_748611,train,train,ispy2_748611,ISPY2,train,train,test,val
ISPY2_749097,train,train,ispy2_749097,ISPY2,train,train,test,val
ISPY2_752372,train,train,ispy2_752372,ISPY2,train,train,test,train
ISPY2_752469,train,train,ispy2_752469,ISPY2,train,train,test,train
ISPY2_753109,train,train,ispy2_753109,ISPY2,train,train,test,train
ISPY2_755914,train,train,ispy2_755914,ISPY2,train,train,test,train
ISPY2_756412,train,train,ispy2_756412,ISPY2,train,train,test,train
ISPY2_759015,train,train,ispy2_759015,ISPY2,train,train,test,val
ISPY2_759418,train,train,ispy2_759418,ISPY2,train,train,test,train
ISPY2_760011,train,train,ispy2_760011,ISPY2,val,val,test,train
ISPY2_765773,train,train,ispy2_765773,ISPY2,train,val,test,train
ISPY2_766301,train,train,ispy2_766301,ISPY2,train,train,test,train
ISPY2_766967,train,train,ispy2_766967,ISPY2,train,train,test,train
ISPY2_767081,train,train,ispy2_767081,ISPY2,train,train,test,val
ISPY2_767934,train,train,ispy2_767934,ISPY2,train,train,test,train
ISPY2_768214,train,train,ispy2_768214,ISPY2,train,train,test,train
ISPY2_769972,train,train,ispy2_769972,ISPY2,val,train,test,train
ISPY2_771151,train,train,ispy2_771151,ISPY2,train,val,test,train
ISPY2_771443,train,train,ispy2_771443,ISPY2,train,train,test,train
ISPY2_771813,train,train,ispy2_771813,ISPY2,train,train,test,train
ISPY2_774840,train,train,ispy2_774840,ISPY2,train,train,test,train
ISPY2_778020,train,train,ispy2_778020,ISPY2,train,train,test,train
ISPY2_778527,train,train,ispy2_778527,ISPY2,train,train,test,train
ISPY2_779739,train,train,ispy2_779739,ISPY2,train,train,test,train
ISPY2_780272,train,train,ispy2_780272,ISPY2,train,train,test,train
ISPY2_781335,train,train,ispy2_781335,ISPY2,train,train,test,train
ISPY2_781642,train,train,ispy2_781642,ISPY2,val,train,test,train
ISPY2_782334,train,train,ispy2_782334,ISPY2,train,train,test,train
ISPY2_783427,train,train,ispy2_783427,ISPY2,train,train,test,train
ISPY2_783764,train,train,ispy2_783764,ISPY2,train,train,test,train
ISPY2_786003,train,train,ispy2_786003,ISPY2,train,train,test,train
ISPY2_786480,train,train,ispy2_786480,ISPY2,val,train,test,train
ISPY2_786753,train,train,ispy2_786753,ISPY2,val,train,test,train
ISPY2_787415,train,train,ispy2_787415,ISPY2,train,train,test,train
ISPY2_789497,train,train,ispy2_789497,ISPY2,train,train,test,train
ISPY2_790070,train,train,ispy2_790070,ISPY2,train,train,test,train
ISPY2_790397,train,train,ispy2_790397,ISPY2,train,val,test,train
ISPY2_790722,train,train,ispy2_790722,ISPY2,train,train,test,train
ISPY2_792181,train,train,ispy2_792181,ISPY2,train,train,test,train
ISPY2_792412,train,train,ispy2_792412,ISPY2,train,train,test,train
ISPY2_793684,train,train,ispy2_793684,ISPY2,train,train,test,train
ISPY2_794128,train,train,ispy2_794128,ISPY2,train,train,test,train
ISPY2_795996,train,train,ispy2_795996,ISPY2,train,train,test,val
ISPY2_796558,train,train,ispy2_796558,ISPY2,train,train,test,train
ISPY2_797427,train,train,ispy2_797427,ISPY2,train,train,test,train
ISPY2_797499,train,train,ispy2_797499,ISPY2,val,train,test,train
ISPY2_797639,train,train,ispy2_797639,ISPY2,train,train,test,train
ISPY2_799149,train,train,ispy2_799149,ISPY2,train,train,test,train
ISPY2_800447,train,train,ispy2_800447,ISPY2,train,train,test,train
ISPY2_800710,train,train,ispy2_800710,ISPY2,train,train,test,train
ISPY2_802308,train,train,ispy2_802308,ISPY2,train,train,test,train
ISPY2_802778,train,train,ispy2_802778,ISPY2,train,train,test,train
ISPY2_803514,train,train,ispy2_803514,ISPY2,train,train,test,train
ISPY2_803677,train,train,ispy2_803677,ISPY2,train,train,test,val
ISPY2_804233,train,train,ispy2_804233,ISPY2,train,train,test,train
ISPY2_804979,train,train,ispy2_804979,ISPY2,train,train,test,train
ISPY2_805136,train,train,ispy2_805136,ISPY2,train,train,test,train
ISPY2_808714,train,train,ispy2_808714,ISPY2,train,val,test,train
ISPY2_809037,train,train,ispy2_809037,ISPY2,val,train,test,train
ISPY2_809649,train,train,ispy2_809649,ISPY2,train,train,test,train
ISPY2_810965,train,train,ispy2_810965,ISPY2,train,train,test,train
ISPY2_812089,train,train,ispy2_812089,ISPY2,train,train,test,train
ISPY2_815421,train,train,ispy2_815421,ISPY2,train,train,test,train
ISPY2_815493,train,train,ispy2_815493,ISPY2,train,val,test,train
ISPY2_819622,train,train,ispy2_819622,ISPY2,train,train,test,train
ISPY2_820348,train,train,ispy2_820348,ISPY2,train,train,test,train
ISPY2_823618,train,train,ispy2_823618,ISPY2,train,train,test,val
ISPY2_824234,train,train,ispy2_824234,ISPY2,train,train,test,train
ISPY2_824350,train,train,ispy2_824350,ISPY2,train,train,test,train
ISPY2_824512,train,train,ispy2_824512,ISPY2,val,train,test,train
ISPY2_829491,train,train,ispy2_829491,ISPY2,train,train,test,train
ISPY2_830958,train,train,ispy2_830958,ISPY2,train,train,test,train
ISPY2_832056,train,train,ispy2_832056,ISPY2,train,train,test,train
ISPY2_834418,train,train,ispy2_834418,ISPY2,train,train,test,train
ISPY2_835658,train,train,ispy2_835658,ISPY2,train,train,test,train
ISPY2_836983,train,train,ispy2_836983,ISPY2,train,train,test,train
ISPY2_839274,train,train,ispy2_839274,ISPY2,train,train,test,train
ISPY2_840501,train,train,ispy2_840501,ISPY2,train,train,test,train
ISPY2_841336,train,train,ispy2_841336,ISPY2,train,train,test,train
ISPY2_843554,train,train,ispy2_843554,ISPY2,train,train,test,train
ISPY2_845079,train,train,ispy2_845079,ISPY2,train,train,test,train
ISPY2_845147,train,train,ispy2_845147,ISPY2,train,train,test,train
ISPY2_845663,train,train,ispy2_845663,ISPY2,train,train,test,val
ISPY2_845783,train,train,ispy2_845783,ISPY2,train,train,test,train
ISPY2_847272,train,train,ispy2_847272,ISPY2,train,val,test,train
ISPY2_847753,train,train,ispy2_847753,ISPY2,train,train,test,train
ISPY2_848003,train,train,ispy2_848003,ISPY2,train,train,test,train
ISPY2_849605,train,train,ispy2_849605,ISPY2,train,val,test,train
ISPY2_851180,train,train,ispy2_851180,ISPY2,train,train,test,train
ISPY2_851488,train,train,ispy2_851488,ISPY2,train,train,test,train
ISPY2_856159,train,train,ispy2_856159,ISPY2,train,train,test,train
ISPY2_860243,train,train,ispy2_860243,ISPY2,train,val,test,train
ISPY2_860901,train,train,ispy2_860901,ISPY2,train,train,test,train
ISPY2_862244,train,train,ispy2_862244,ISPY2,train,val,test,train
ISPY2_865416,train,train,ispy2_865416,ISPY2,train,train,test,train
ISPY2_866660,train,train,ispy2_866660,ISPY2,train,train,test,train
ISPY2_873686,train,train,ispy2_873686,ISPY2,train,train,test,train
ISPY2_875089,train,train,ispy2_875089,ISPY2,train,train,test,train
ISPY2_876511,train,train,ispy2_876511,ISPY2,val,train,test,train
ISPY2_879224,train,train,ispy2_879224,ISPY2,train,train,test,train
ISPY2_882538,train,train,ispy2_882538,ISPY2,train,train,test,val
ISPY2_882553,train,train,ispy2_882553,ISPY2,train,train,test,train
ISPY2_883696,train,train,ispy2_883696,ISPY2,train,val,test,train
ISPY2_883886,train,train,ispy2_883886,ISPY2,train,train,test,train
ISPY2_884011,train,train,ispy2_884011,ISPY2,train,train,test,train
ISPY2_884266,train,train,ispy2_884266,ISPY2,train,train,test,train
ISPY2_885590,train,train,ispy2_885590,ISPY2,train,train,test,train
ISPY2_885871,train,train,ispy2_885871,ISPY2,train,train,test,train
ISPY2_889049,train,train,ispy2_889049,ISPY2,train,train,test,train
ISPY2_889721,train,train,ispy2_889721,ISPY2,train,train,test,train
ISPY2_890372,train,train,ispy2_890372,ISPY2,train,train,test,train
ISPY2_890414,train,train,ispy2_890414,ISPY2,train,val,test,train
ISPY2_891645,train,train,ispy2_891645,ISPY2,val,train,test,val
ISPY2_892390,train,train,ispy2_892390,ISPY2,train,train,test,train
ISPY2_893874,train,train,ispy2_893874,ISPY2,train,train,test,train
ISPY2_894128,train,train,ispy2_894128,ISPY2,train,train,test,train
ISPY2_895653,train,train,ispy2_895653,ISPY2,train,train,test,val
ISPY2_896852,train,train,ispy2_896852,ISPY2,train,val,test,train
ISPY2_896939,train,train,ispy2_896939,ISPY2,train,val,test,train
ISPY2_898618,train,train,ispy2_898618,ISPY2,train,train,test,train
ISPY2_899381,train,train,ispy2_899381,ISPY2,train,train,test,train
ISPY2_899692,train,train,ispy2_899692,ISPY2,train,train,test,train
ISPY2_900959,train,train,ispy2_900959,ISPY2,train,train,test,train
ISPY2_901705,train,train,ispy2_901705,ISPY2,train,train,test,train
ISPY2_903880,train,train,ispy2_903880,ISPY2,train,train,test,train
ISPY2_904269,train,train,ispy2_904269,ISPY2,train,train,test,train
ISPY2_905264,train,train,ispy2_905264,ISPY2,train,train,test,train
ISPY2_906042,train,train,ispy2_906042,ISPY2,train,val,test,train
ISPY2_906795,train,train,ispy2_906795,ISPY2,val,train,test,train
ISPY2_910188,train,train,ispy2_910188,ISPY2,train,train,test,train
ISPY2_910706,train,train,ispy2_910706,ISPY2,train,train,test,train
ISPY2_912836,train,train,ispy2_912836,ISPY2,train,train,test,train
ISPY2_913225,train,train,ispy2_913225,ISPY2,train,train,test,train
ISPY2_913527,train,train,ispy2_913527,ISPY2,train,train,test,train
ISPY2_914968,train,train,ispy2_914968,ISPY2,train,train,test,train
ISPY2_916645,train,train,ispy2_916645,ISPY2,train,val,test,train
ISPY2_917762,train,train,ispy2_917762,ISPY2,train,train,test,train
ISPY2_918979,train,train,ispy2_918979,ISPY2,train,train,test,train
ISPY2_920479,train,train,ispy2_920479,ISPY2,train,train,test,train
ISPY2_922872,train,train,ispy2_922872,ISPY2,train,train,test,train
ISPY2_923968,train,train,ispy2_923968,ISPY2,train,train,test,train
ISPY2_924071,train,train,ispy2_924071,ISPY2,val,train,test,val
ISPY2_924812,train,train,ispy2_924812,ISPY2,train,train,test,val
ISPY2_924868,train,train,ispy2_924868,ISPY2,train,train,test,train
ISPY2_925691,train,train,ispy2_925691,ISPY2,train,train,test,train
ISPY2_928170,train,train,ispy2_928170,ISPY2,train,train,test,train
ISPY2_928446,train,train,ispy2_928446,ISPY2,train,train,test,train
ISPY2_928815,train,train,ispy2_928815,ISPY2,train,train,test,train
ISPY2_929391,train,train,ispy2_929391,ISPY2,train,train,test,train
ISPY2_929980,train,train,ispy2_929980,ISPY2,train,val,test,train
ISPY2_930853,train,train,ispy2_930853,ISPY2,train,train,test,train
ISPY2_930903,train,train,ispy2_930903,ISPY2,train,train,test,train
ISPY2_932200,train,train,ispy2_932200,ISPY2,train,train,test,val
ISPY2_934459,train,train,ispy2_934459,ISPY2,train,train,test,train
ISPY2_934906,train,train,ispy2_934906,ISPY2,train,train,test,train
ISPY2_935460,train,train,ispy2_935460,ISPY2,train,val,test,train
ISPY2_938719,train,train,ispy2_938719,ISPY2,train,val,test,train
ISPY2_940186,train,train,ispy2_940186,ISPY2,train,train,test,train
ISPY2_941191,train,train,ispy2_941191,ISPY2,train,train,test,train
ISPY2_941926,train,train,ispy2_941926,ISPY2,train,train,test,train
ISPY2_942017,train,train,ispy2_942017,ISPY2,train,train,test,train
ISPY2_943633,train,train,ispy2_943633,ISPY2,train,train,test,train
ISPY2_943879,train,train,ispy2_943879,ISPY2,train,train,test,train
ISPY2_944419,train,train,ispy2_944419,ISPY2,train,train,test,train
ISPY2_944536,train,train,ispy2_944536,ISPY2,train,train,test,train
ISPY2_946927,train,train,ispy2_946927,ISPY2,train,train,test,train
ISPY2_947398,train,train,ispy2_947398,ISPY2,train,train,test,train
ISPY2_949444,train,train,ispy2_949444,ISPY2,val,train,test,train
ISPY2_950742,train,train,ispy2_950742,ISPY2,train,train,test,train
ISPY2_955035,train,train,ispy2_955035,ISPY2,train,train,test,train
ISPY2_955953,train,train,ispy2_955953,ISPY2,val,train,test,train
ISPY2_957408,train,train,ispy2_957408,ISPY2,train,val,test,train
ISPY2_960029,train,train,ispy2_960029,ISPY2,train,train,test,train
ISPY2_960963,train,train,ispy2_960963,ISPY2,train,val,test,train
ISPY2_962153,train,train,ispy2_962153,ISPY2,train,val,test,train
ISPY2_962664,train,train,ispy2_962664,ISPY2,train,train,test,val
ISPY2_962827,train,train,ispy2_962827,ISPY2,train,train,test,val
ISPY2_963303,train,train,ispy2_963303,ISPY2,train,train,test,train
ISPY2_963604,train,train,ispy2_963604,ISPY2,train,train,test,train
ISPY2_965265,train,train,ispy2_965265,ISPY2,train,train,test,train
ISPY2_966016,train,train,ispy2_966016,ISPY2,train,train,test,train
ISPY2_970839,train,train,ispy2_970839,ISPY2,train,train,test,train
ISPY2_971492,train,train,ispy2_971492,ISPY2,train,train,test,train
ISPY2_972307,train,train,ispy2_972307,ISPY2,train,train,test,val
ISPY2_974181,train,train,ispy2_974181,ISPY2,train,train,test,train
ISPY2_974618,train,train,ispy2_974618,ISPY2,train,val,test,train
ISPY2_982086,train,train,ispy2_982086,ISPY2,train,train,test,train
ISPY2_982505,train,train,ispy2_982505,ISPY2,val,val,test,train
ISPY2_983841,train,train,ispy2_983841,ISPY2,val,val,test,val
ISPY2_987728,train,train,ispy2_987728,ISPY2,train,train,test,train
ISPY2_987914,train,train,ispy2_987914,ISPY2,train,train,test,train
ISPY2_987995,train,train,ispy2_987995,ISPY2,train,val,test,train
ISPY2_988443,train,train,ispy2_988443,ISPY2,train,train,test,train
ISPY2_988665,train,train,ispy2_988665,ISPY2,train,train,test,train
ISPY2_990443,train,train,ispy2_990443,ISPY2,train,train,test,train
ISPY2_992609,train,train,ispy2_992609,ISPY2,train,train,test,train
ISPY2_995480,train,train,ispy2_995480,ISPY2,train,train,test,train
ISPY2_997702,train,train,ispy2_997702,ISPY2,train,train,test,train
ISPY2_999264,train,train,ispy2_999264,ISPY2,train,train,test,train
ISPY2_999733,train,train,ispy2_999733,ISPY2,train,train,test,train
NACT_01,train,train,nact_01,NACT,train,val,val,test
NACT_03,train,train,nact_03,NACT,val,train,train,test
NACT_04,train,train,nact_04,NACT,train,train,train,test
NACT_11,train,train,nact_11,NACT,train,train,train,test
NACT_12,train,train,nact_12,NACT,train,train,train,test
NACT_14,train,train,nact_14,NACT,train,train,train,test
NACT_19,train,train,nact_19,NACT,train,train,train,test
NACT_20,train,train,nact_20,NACT,train,train,train,test
NACT_21,train,train,nact_21,NACT,train,train,train,test
NACT_22,train,train,nact_22,NACT,train,train,train,test
NACT_23,train,train,nact_23,NACT,train,train,train,test
NACT_24,train,train,nact_24,NACT,train,train,train,test
NACT_25,train,train,nact_25,NACT,train,train,train,test
NACT_26,train,train,nact_26,NACT,train,train,train,test
NACT_30,train,train,nact_30,NACT,train,train,train,test
NACT_31,train,train,nact_31,NACT,train,train,train,test
NACT_33,train,train,nact_33,NACT,val,train,train,test
NACT_35,train,train,nact_35,NACT,train,val,train,test
NACT_36,train,train,nact_36,NACT,train,train,train,test
NACT_37,train,train,nact_37,NACT,train,train,val,test
NACT_42,train,train,nact_42,NACT,train,train,train,test
NACT_43,train,train,nact_43,NACT,train,train,train,test
NACT_45,train,train,nact_45,NACT,train,train,train,test
NACT_46,train,train,nact_46,NACT,train,train,train,test
NACT_47,train,train,nact_47,NACT,train,train,train,test
NACT_48,train,train,nact_48,NACT,train,val,train,test
NACT_49,train,train,nact_49,NACT,train,train,train,test
NACT_50,train,train,nact_50,NACT,train,train,train,test
NACT_51,train,train,nact_51,NACT,train,train,train,test
NACT_52,train,train,nact_52,NACT,train,val,val,test
NACT_53,train,train,nact_53,NACT,train,train,train,test
NACT_54,train,train,nact_54,NACT,val,train,train,test
NACT_56,train,train,nact_56,NACT,train,train,train,test
NACT_58,train,train,nact_58,NACT,train,train,train,test
NACT_59,train,train,nact_59,NACT,train,train,train,test
NACT_61,train,train,nact_61,NACT,train,train,train,test
NACT_62,train,train,nact_62,NACT,train,val,train,test
NACT_63,train,train,nact_63,NACT,val,val,train,test
NACT_64,train,train,nact_64,NACT,train,train,train,test
NACT_65,train,train,nact_65,NACT,train,train,train,test
NACT_66,train,train,nact_66,NACT,train,train,train,test
NACT_68,train,train,nact_68,NACT,train,train,train,test
DUKE_022,train,val,duke_022,DUKE,test,train,train,train
DUKE_119,train,val,duke_119,DUKE,test,train,train,train
DUKE_132,train,val,duke_132,DUKE,test,train,train,train
DUKE_148,train,val,duke_148,DUKE,test,train,train,train
DUKE_150,train,val,duke_150,DUKE,test,train,train,train
DUKE_180,train,val,duke_180,DUKE,test,val,train,train
DUKE_225,train,val,duke_225,DUKE,test,train,train,train
DUKE_255,train,val,duke_255,DUKE,test,train,train,train
DUKE_306,train,val,duke_306,DUKE,test,train,train,val
DUKE_368,train,val,duke_368,DUKE,test,val,train,train
DUKE_435,train,val,duke_435,DUKE,test,train,train,val
DUKE_464,train,val,duke_464,DUKE,test,train,train,train
DUKE_501,train,val,duke_501,DUKE,test,train,train,val
DUKE_558,train,val,duke_558,DUKE,test,train,val,train
DUKE_595,train,val,duke_595,DUKE,test,train,train,train
DUKE_610,train,val,duke_610,DUKE,test,train,val,val
DUKE_694,train,val,duke_694,DUKE,test,train,val,train
DUKE_758,train,val,duke_758,DUKE,test,train,train,val
DUKE_762,train,val,duke_762,DUKE,test,train,train,val
DUKE_873,train,val,duke_873,DUKE,test,train,val,train
ISPY1_1004,train,val,ispy1_1004,ISPY1,train,test,train,train
ISPY1_1016,train,val,ispy1_1016,ISPY1,train,test,val,train
ISPY1_1041,train,val,ispy1_1041,ISPY1,train,test,train,train
ISPY1_1073,train,val,ispy1_1073,ISPY1,train,test,train,train
ISPY1_1077,train,val,ispy1_1077,ISPY1,train,test,train,train
ISPY1_1099,train,val,ispy1_1099,ISPY1,train,test,val,val
ISPY1_1137,train,val,ispy1_1137,ISPY1,train,test,val,train
ISPY1_1155,train,val,ispy1_1155,ISPY1,train,test,train,train
ISPY1_1212,train,val,ispy1_1212,ISPY1,train,test,train,val
ISPY1_1216,train,val,ispy1_1216,ISPY1,train,test,train,train
ISPY2_111038,train,val,ispy2_111038,ISPY2,train,train,test,train
ISPY2_122287,train,val,ispy2_122287,ISPY2,train,train,test,train
ISPY2_133650,train,val,ispy2_133650,ISPY2,train,val,test,train
ISPY2_155171,train,val,ispy2_155171,ISPY2,train,train,test,val
ISPY2_165925,train,val,ispy2_165925,ISPY2,train,train,test,train
ISPY2_203254,train,val,ispy2_203254,ISPY2,train,train,test,val
ISPY2_223030,train,val,ispy2_223030,ISPY2,train,train,test,train
ISPY2_231633,train,val,ispy2_231633,ISPY2,val,train,test,train
ISPY2_235995,train,val,ispy2_235995,ISPY2,train,train,test,train
ISPY2_240035,train,val,ispy2_240035,ISPY2,train,train,test,train
ISPY2_240957,train,val,ispy2_240957,ISPY2,train,train,test,train
ISPY2_246134,train,val,ispy2_246134,ISPY2,train,train,test,train
ISPY2_254060,train,val,ispy2_254060,ISPY2,val,train,test,val
ISPY2_254273,train,val,ispy2_254273,ISPY2,train,train,test,train
ISPY2_277888,train,val,ispy2_277888,ISPY2,train,train,test,train
ISPY2_282082,train,val,ispy2_282082,ISPY2,train,train,test,train
ISPY2_311316,train,val,ispy2_311316,ISPY2,train,train,test,train
ISPY2_311455,train,val,ispy2_311455,ISPY2,train,val,test,train
ISPY2_318569,train,val,ispy2_318569,ISPY2,train,train,test,train
ISPY2_319324,train,val,ispy2_319324,ISPY2,train,train,test,train
ISPY2_342142,train,val,ispy2_342142,ISPY2,train,val,test,train
ISPY2_349330,train,val,ispy2_349330,ISPY2,train,train,test,train
ISPY2_378401,train,val,ispy2_378401,ISPY2,train,train,test,train
ISPY2_382853,train,val,ispy2_382853,ISPY2,train,train,test,train
ISPY2_383456,train,val,ispy2_383456,ISPY2,train,train,test,train
ISPY2_399478,train,val,ispy2_399478,ISPY2,train,train,test,train
ISPY2_411806,train,val,ispy2_411806,ISPY2,train,train,test,train
ISPY2_414844,train,val,ispy2_414844,ISPY2,train,train,test,train
ISPY2_425173,train,val,ispy2_425173,ISPY2,train,train,test,train
ISPY2_460812,train,val,ispy2_460812,ISPY2,train,val,test,train
ISPY2_461824,train,val,ispy2_461824,ISPY2,train,train,test,train
ISPY2_464547,train,val,ispy2_464547,ISPY2,train,train,test,train
ISPY2_478055,train,val,ispy2_478055,ISPY2,train,train,test,train
ISPY2_494022,train,val,ispy2_494022,ISPY2,train,train,test,train
ISPY2_506623,train,val,ispy2_506623,ISPY2,val,train,test,train
ISPY2_510543,train,val,ispy2_510543,ISPY2,train,train,test,train
ISPY2_516834,train,val,ispy2_516834,ISPY2,train,train,test,train
ISPY2_552549,train,val,ispy2_552549,ISPY2,train,train,test,train
ISPY2_563681,train,val,ispy2_563681,ISPY2,train,val,test,train
ISPY2_570966,train,val,ispy2_570966,ISPY2,train,train,test,train
ISPY2_572731,train,val,ispy2_572731,ISPY2,train,train,test,train
ISPY2_602451,train,val,ispy2_602451,ISPY2,train,train,test,train
ISPY2_611662,train,val,ispy2_611662,ISPY2,val,train,test,train
ISPY2_614044,train,val,ispy2_614044,ISPY2,train,train,test,val
ISPY2_616994,train,val,ispy2_616994,ISPY2,train,train,test,train
ISPY2_637566,train,val,ispy2_637566,ISPY2,train,train,test,train
ISPY2_640463,train,val,ispy2_640463,ISPY2,train,train,test,train
ISPY2_649198,train,val,ispy2_649198,ISPY2,train,train,test,val
ISPY2_663144,train,val,ispy2_663144,ISPY2,train,train,test,train
ISPY2_680881,train,val,ispy2_680881,ISPY2,train,train,test,train
ISPY2_683173,train,val,ispy2_683173,ISPY2,train,train,test,train
ISPY2_683374,train,val,ispy2_683374,ISPY2,train,train,test,train
ISPY2_683457,train,val,ispy2_683457,ISPY2,val,val,test,train
ISPY2_689480,train,val,ispy2_689480,ISPY2,val,train,test,train
ISPY2_700549,train,val,ispy2_700549,ISPY2,train,train,test,train
ISPY2_708387,train,val,ispy2_708387,ISPY2,train,train,test,val
ISPY2_714205,train,val,ispy2_714205,ISPY2,train,train,test,train
ISPY2_721099,train,val,ispy2_721099,ISPY2,train,val,test,train
ISPY2_729270,train,val,ispy2_729270,ISPY2,train,train,test,train
ISPY2_760901,train,val,ispy2_760901,ISPY2,train,train,test,train
ISPY2_765671,train,val,ispy2_765671,ISPY2,train,train,test,train
ISPY2_775346,train,val,ispy2_775346,ISPY2,train,val,test,train
ISPY2_788149,train,val,ispy2_788149,ISPY2,train,train,test,train
ISPY2_791944,train,val,ispy2_791944,ISPY2,train,train,test,train
ISPY2_794428,train,val,ispy2_794428,ISPY2,train,train,test,train
ISPY2_798604,train,val,ispy2_798604,ISPY2,train,val,test,train
ISPY2_802105,train,val,ispy2_802105,ISPY2,train,train,test,train
ISPY2_820807,train,val,ispy2_820807,ISPY2,val,train,test,train
ISPY2_825363,train,val,ispy2_825363,ISPY2,train,train,test,train
ISPY2_831702,train,val,ispy2_831702,ISPY2,val,train,test,train
ISPY2_831848,train,val,ispy2_831848,ISPY2,train,train,test,train
ISPY2_833536,train,val,ispy2_833536,ISPY2,train,train,test,train
ISPY2_836114,train,val,ispy2_836114,ISPY2,train,train,test,train
ISPY2_848371,train,val,ispy2_848371,ISPY2,train,train,test,train
ISPY2_851223,train,val,ispy2_851223,ISPY2,train,train,test,train
ISPY2_857165,train,val,ispy2_857165,ISPY2,train,train,test,train
ISPY2_861745,train,val,ispy2_861745,ISPY2,train,train,test,train
ISPY2_889225,train,val,ispy2_889225,ISPY2,val,train,test,train
ISPY2_894491,train,val,ispy2_894491,ISPY2,train,train,test,train
ISPY2_924895,train,val,ispy2_924895,ISPY2,train,train,test,train
ISPY2_950131,train,val,ispy2_950131,ISPY2,train,train,test,train
ISPY2_953262,train,val,ispy2_953262,ISPY2,train,train,test,train
ISPY2_953885,train,val,ispy2_953885,ISPY2,val,train,test,train
ISPY2_959366,train,val,ispy2_959366,ISPY2,train,train,test,train
ISPY2_994987,train,val,ispy2_994987,ISPY2,train,train,test,train
NACT_06,train,val,nact_06,NACT,train,train,train,test
NACT_07,train,val,nact_07,NACT,train,train,train,test
NACT_15,train,val,nact_15,NACT,train,train,val,test
NACT_34,train,val,nact_34,NACT,train,train,train,test
NACT_40,train,val,nact_40,NACT,train,train,val,test
